generation;idx;fitness;param0;param1;param2;param3;param4;param5;param6;param7;param8;param9;param10;param11;param12;param13;param14;param15;param16;param17;param18;param19;param20
1;0;1.0;;-rrt;-ct;-cta;0.0;-ctb;1;;;;-crlow;0.2;-crhi;1.0;-comlow;0.9;-comhi;1.0;-cmin;30;
1;1;1.225;;-rrt;;;;;;;;;-crlow;0.2;-crhi;1.0;-comlow;0.6;-comhi;1.0;-cmin;30;-bbcomp
1;2;1.225;-d;;-ct;-cta;0.33;-ctb;1;;;;-crlow;0.2;-crhi;1.0;-comlow;0.9;-comhi;1.0;-cmin;5;
1;3;1.053763440860215;-d;;;;;;;-rsd;-r;5;-crlow;0.6;-crhi;1.0;-comlow;0.6;-comhi;1.0;-cmin;0;
1;4;1.0;;;;;;;;;;;-crlow;0.9;-crhi;1.0;-comlow;0.9;-comhi;1.0;-cmin;30;
1;5;1.0888888888888888;;-rrt;-ct;-cta;0.67;-ctb;3;;;;-crlow;0.9;-crhi;1.0;-comlow;0.9;-comhi;1.0;-cmin;0;
1;6;1.101123595505618;;;;;;;;-rsd;-r;10;-crlow;0.2;-crhi;1.0;-comlow;0.6;-comhi;1.0;-cmin;5;
1;7;1.0888888888888888;;;;;;;;-rsd;-r;1;-crlow;0.9;-crhi;1.0;-comlow;0.9;-comhi;1.0;-cmin;5;-bbcomp
1;8;1.1529411764705881;;-rrt;;;;;;;;;-crlow;0.2;-crhi;1.0;-comlow;0.6;-comhi;1.0;-cmin;5;-bbcomp
1;9;1.101123595505618;-d;-rrt;;;;;;-rsd;-r;10;-crlow;0.6;-crhi;1.0;-comlow;0.9;-comhi;1.0;-cmin;0;-bbcomp
1;10;1.0;;-rrt;-ct;-cta;0.67;-ctb;3;-rsd;-r;5;-crlow;0.9;-crhi;1.0;-comlow;0.9;-comhi;1.0;-cmin;30;-bbcomp
1;11;1.0;;;;;;;;-rsd;-r;1;-crlow;0.6;-crhi;1.0;-comlow;0.9;-comhi;1.0;-cmin;30;-bbcomp
1;12;1.2894736842105263;;-rrt;;;;;;;;;-crlow;0.6;-crhi;1.0;-comlow;0.6;-comhi;1.0;-cmin;5;-bbcomp
1;13;1.1529411764705881;-d;;-ct;-cta;0.67;-ctb;3;;;;-crlow;0.2;-crhi;1.0;-comlow;0.2;-comhi;1.0;-cmin;15;-bbcomp
1;14;1.0888888888888888;;-rrt;;;;;;;;;-crlow;0.9;-crhi;1.0;-comlow;0.9;-comhi;1.0;-cmin;0;
1;15;1.0;;;;;;;;;;;-crlow;0.6;-crhi;1.0;-comlow;0.9;-comhi;1.0;-cmin;30;-bbcomp
1;16;1.0;-d;;-ct;-cta;1.0;-ctb;1;;;;-crlow;0.6;-crhi;1.0;-comlow;0.2;-comhi;1.0;-cmin;15;-bbcomp
1;17;1.180722891566265;-d;-rrt;;;;;;-rsd;-r;5;-crlow;0.2;-crhi;1.0;-comlow;0.6;-comhi;1.0;-cmin;15;-bbcomp
1;18;1.1666666666666667;-d;;;;;;;;;;-crlow;0.2;-crhi;1.0;-comlow;0.9;-comhi;1.0;-cmin;30;
1;19;1.0;;-rrt;-ct;-cta;1.0;-ctb;10;;;;-crlow;0.2;-crhi;1.0;-comlow;0.9;-comhi;1.0;-cmin;0;
1;20;1.0;-d;;-ct;-cta;0.0;-ctb;1;;;;-crlow;0.9;-crhi;1.0;-comlow;0.6;-comhi;1.0;-cmin;5;
1;21;0.9158878504672897;-d;;-ct;-cta;0.33;-ctb;3;-rsd;-r;5;-crlow;0.2;-crhi;1.0;-comlow;0.2;-comhi;1.0;-cmin;0;-bbcomp
1;22;1.0;;-rrt;;;;;;;;;-crlow;0.9;-crhi;1.0;-comlow;0.2;-comhi;1.0;-cmin;30;
1;23;1.0888888888888888;;-rrt;-ct;-cta;0.67;-ctb;1;-rsd;-r;5;-crlow;0.9;-crhi;1.0;-comlow;0.9;-comhi;1.0;-cmin;5;
1;24;1.0;;-rrt;-ct;-cta;1.0;-ctb;3;-rsd;-r;5;-crlow;0.2;-crhi;1.0;-comlow;0.2;-comhi;1.0;-cmin;5;
1;25;1.0;-d;;-ct;-cta;0.0;-ctb;3;;;;-crlow;0.6;-crhi;1.0;-comlow;0.2;-comhi;1.0;-cmin;30;-bbcomp
1;26;1.2564102564102564;-d;-rrt;;;;;;;;;-crlow;0.9;-crhi;1.0;-comlow;0.2;-comhi;1.0;-cmin;5;-bbcomp
1;27;1.101123595505618;;-rrt;-ct;-cta;0.0;-ctb;10;;;;-crlow;0.6;-crhi;1.0;-comlow;0.2;-comhi;1.0;-cmin;5;
1;28;1.1666666666666667;-d;;;;;;;-rsd;-r;1;-crlow;0.2;-crhi;1.0;-comlow;0.9;-comhi;1.0;-cmin;30;-bbcomp
1;29;0.8099173553719008;;;;;;;;-rsd;-r;10;-crlow;0.2;-crhi;1.0;-comlow;0.6;-comhi;1.0;-cmin;0;
1;30;1.1136363636363635;-d;-rrt;;;;;;;;;-crlow;0.9;-crhi;1.0;-comlow;0.9;-comhi;1.0;-cmin;0;-bbcomp
1;31;1.0;-d;;-ct;-cta;1.0;-ctb;3;-rsd;-r;10;-crlow;0.2;-crhi;1.0;-comlow;0.6;-comhi;1.0;-cmin;15;
1;32;1.2098765432098766;-d;;;;;;;;;;-crlow;0.2;-crhi;1.0;-comlow;0.6;-comhi;1.0;-cmin;5;
1;33;1.053763440860215;-d;-rrt;;;;;;-rsd;-r;10;-crlow;0.2;-crhi;1.0;-comlow;0.2;-comhi;1.0;-cmin;15;
1;34;1.180722891566265;-d;-rrt;;;;;;-rsd;-r;10;-crlow;0.2;-crhi;1.0;-comlow;0.6;-comhi;1.0;-cmin;15;-bbcomp
1;35;0.8099173553719008;-d;-rrt;-ct;-cta;0.67;-ctb;1;-rsd;-r;10;-crlow;0.2;-crhi;1.0;-comlow;0.9;-comhi;1.0;-cmin;0;
1;36;1.0315789473684212;;;;;;;;-rsd;-r;1;-crlow;0.6;-crhi;1.0;-comlow;0.6;-comhi;1.0;-cmin;0;-bbcomp
1;37;1.101123595505618;;-rrt;-ct;-cta;0.0;-ctb;10;;;;-crlow;0.6;-crhi;1.0;-comlow;0.2;-comhi;1.0;-cmin;5;-bbcomp
1;38;1.0;;;-ct;-cta;1.0;-ctb;10;;;;-crlow;0.9;-crhi;1.0;-comlow;0.9;-comhi;1.0;-cmin;15;
1;39;1.0;-d;-rrt;-ct;-cta;0.0;-ctb;10;-rsd;-r;1;-crlow;0.9;-crhi;1.0;-comlow;0.6;-comhi;1.0;-cmin;30;-bbcomp
1;40;1.0;-d;;;;;;;-rsd;-r;5;-crlow;0.9;-crhi;1.0;-comlow;0.6;-comhi;1.0;-cmin;5;
1;41;1.225;-d;;-ct;-cta;0.0;-ctb;10;;;;-crlow;0.2;-crhi;1.0;-comlow;0.6;-comhi;1.0;-cmin;30;-bbcomp
1;42;1.053763440860215;-d;-rrt;-ct;-cta;0.33;-ctb;3;-rsd;-r;1;-crlow;0.6;-crhi;1.0;-comlow;0.6;-comhi;1.0;-cmin;0;
1;43;1.240506329113924;-d;;;;;;;;;;-crlow;0.2;-crhi;1.0;-comlow;0.9;-comhi;1.0;-cmin;5;-bbcomp
1;44;1.0;;-rrt;-ct;-cta;1.0;-ctb;3;-rsd;-r;10;-crlow;0.2;-crhi;1.0;-comlow;0.6;-comhi;1.0;-cmin;30;
1;45;1.0;-d;-rrt;-ct;-cta;1.0;-ctb;3;;;;-crlow;0.6;-crhi;1.0;-comlow;0.6;-comhi;1.0;-cmin;5;-bbcomp
1;46;1.0888888888888888;;;;;;;;-rsd;-r;5;-crlow;0.9;-crhi;1.0;-comlow;0.2;-comhi;1.0;-cmin;15;
1;47;1.1666666666666667;;-rrt;-ct;-cta;0.67;-ctb;1;-rsd;-r;10;-crlow;0.2;-crhi;1.0;-comlow;0.2;-comhi;1.0;-cmin;5;-bbcomp
1;48;1.1529411764705881;;;-ct;-cta;0.0;-ctb;3;;;;-crlow;0.2;-crhi;1.0;-comlow;0.2;-comhi;1.0;-cmin;15;
1;49;1.0;-d;;-ct;-cta;0.33;-ctb;10;-rsd;-r;1;-crlow;0.9;-crhi;1.0;-comlow;0.6;-comhi;1.0;-cmin;5;
1;50;1.240506329113924;;;;;;;;-rsd;-r;1;-crlow;0.6;-crhi;1.0;-comlow;0.9;-comhi;1.0;-cmin;5;-bbcomp
1;51;1.0;-d;-rrt;-ct;-cta;0.67;-ctb;10;;;;-crlow;0.6;-crhi;1.0;-comlow;0.2;-comhi;1.0;-cmin;0;
1;52;1.0;-d;-rrt;-ct;-cta;1.0;-ctb;1;-rsd;-r;1;-crlow;0.2;-crhi;1.0;-comlow;0.6;-comhi;1.0;-cmin;0;-bbcomp
1;53;1.065217391304348;;-rrt;;;;;;;;;-crlow;0.6;-crhi;1.0;-comlow;0.6;-comhi;1.0;-cmin;0;
1;54;1.0888888888888888;;-rrt;;;;;;;;;-crlow;0.9;-crhi;1.0;-comlow;0.9;-comhi;1.0;-cmin;15;
1;55;1.0888888888888888;;;;;;;;;;;-crlow;0.9;-crhi;1.0;-comlow;0.2;-comhi;1.0;-cmin;0;
1;56;1.0;-d;;;;;;;-rsd;-r;10;-crlow;0.9;-crhi;1.0;-comlow;0.6;-comhi;1.0;-cmin;0;
1;57;1.225;;-rrt;;;;;;;;;-crlow;0.2;-crhi;1.0;-comlow;0.9;-comhi;1.0;-cmin;15;-bbcomp
1;58;1.0;;-rrt;-ct;-cta;0.67;-ctb;1;-rsd;-r;1;-crlow;0.2;-crhi;1.0;-comlow;0.9;-comhi;1.0;-cmin;30;-bbcomp
1;59;1.0;-d;;-ct;-cta;1.0;-ctb;3;-rsd;-r;1;-crlow;0.2;-crhi;1.0;-comlow;0.6;-comhi;1.0;-cmin;5;-bbcomp
1;60;1.0;;;-ct;-cta;0.67;-ctb;10;-rsd;-r;10;-crlow;0.9;-crhi;1.0;-comlow;0.9;-comhi;1.0;-cmin;5;-bbcomp
1;61;1.0;-d;;-ct;-cta;1.0;-ctb;1;-rsd;-r;1;-crlow;0.2;-crhi;1.0;-comlow;0.9;-comhi;1.0;-cmin;0;
1;62;1.0;;;-ct;-cta;0.0;-ctb;10;;;;-crlow;0.9;-crhi;1.0;-comlow;0.9;-comhi;1.0;-cmin;30;-bbcomp
1;63;1.0;-d;-rrt;;;;;;;;;-crlow;0.9;-crhi;1.0;-comlow;0.6;-comhi;1.0;-cmin;30;
1;64;1.0;;-rrt;-ct;-cta;1.0;-ctb;10;-rsd;-r;5;-crlow;0.2;-crhi;1.0;-comlow;0.6;-comhi;1.0;-cmin;5;-bbcomp
1;65;1.240506329113924;;-rrt;;;;;;-rsd;-r;5;-crlow;0.6;-crhi;1.0;-comlow;0.6;-comhi;1.0;-cmin;5;-bbcomp
1;66;1.0888888888888888;;-rrt;-ct;-cta;0.33;-ctb;1;;;;-crlow;0.9;-crhi;1.0;-comlow;0.6;-comhi;1.0;-cmin;15;
1;67;0.8828828828828829;-d;;;;;;;;;;-crlow;0.6;-crhi;1.0;-comlow;0.2;-comhi;1.0;-cmin;0;-bbcomp
1;68;1.0;-d;-rrt;-ct;-cta;0.0;-ctb;3;-rsd;-r;1;-crlow;0.9;-crhi;1.0;-comlow;0.9;-comhi;1.0;-cmin;5;
1;69;1.0;;;-ct;-cta;1.0;-ctb;1;;;;-crlow;0.6;-crhi;1.0;-comlow;0.6;-comhi;1.0;-cmin;0;
2;0;1.0888888888888888;;-rrt;-ct;-cta;0.67;-ctb;1;-rsd;-r;5;-crlow;0.9;-crhi;1.0;-comlow;0.9;-comhi;1.0;-cmin;5;
2;1;1.0888888888888888;;;;;;;;-rsd;-r;5;-crlow;0.9;-crhi;1.0;-comlow;0.2;-comhi;1.0;-cmin;15;
2;2;1.0888888888888888;;-rrt;;;;;;;;;-crlow;0.9;-crhi;1.0;-comlow;0.9;-comhi;1.0;-cmin;15;
2;3;1.0888888888888888;;;;;;;;;;;-crlow;0.9;-crhi;1.0;-comlow;0.2;-comhi;1.0;-cmin;0;
2;4;1.0888888888888888;;-rrt;-ct;-cta;0.33;-ctb;1;;;;-crlow;0.9;-crhi;1.0;-comlow;0.6;-comhi;1.0;-cmin;15;
2;5;1.101123595505618;;;;;;;;-rsd;-r;10;-crlow;0.2;-crhi;1.0;-comlow;0.6;-comhi;1.0;-cmin;5;
2;6;1.101123595505618;-d;-rrt;;;;;;-rsd;-r;10;-crlow;0.6;-crhi;1.0;-comlow;0.9;-comhi;1.0;-cmin;0;-bbcomp
2;7;1.101123595505618;;-rrt;-ct;-cta;0.0;-ctb;10;;;;-crlow;0.6;-crhi;1.0;-comlow;0.2;-comhi;1.0;-cmin;5;
2;8;1.101123595505618;;-rrt;-ct;-cta;0.0;-ctb;10;;;;-crlow;0.6;-crhi;1.0;-comlow;0.2;-comhi;1.0;-cmin;5;-bbcomp
2;9;1.1136363636363635;-d;-rrt;;;;;;;;;-crlow;0.9;-crhi;1.0;-comlow;0.9;-comhi;1.0;-cmin;0;-bbcomp
2;10;1.1529411764705881;;-rrt;;;;;;;;;-crlow;0.2;-crhi;1.0;-comlow;0.6;-comhi;1.0;-cmin;5;-bbcomp
2;11;1.1529411764705881;-d;;-ct;-cta;0.67;-ctb;3;;;;-crlow;0.2;-crhi;1.0;-comlow;0.2;-comhi;1.0;-cmin;15;-bbcomp
2;12;1.1529411764705881;;;-ct;-cta;0.0;-ctb;3;;;;-crlow;0.2;-crhi;1.0;-comlow;0.2;-comhi;1.0;-cmin;15;
2;13;1.1666666666666667;-d;;;;;;;;;;-crlow;0.2;-crhi;1.0;-comlow;0.9;-comhi;1.0;-cmin;30;
2;14;1.1666666666666667;-d;;;;;;;-rsd;-r;1;-crlow;0.2;-crhi;1.0;-comlow;0.9;-comhi;1.0;-cmin;30;-bbcomp
2;15;1.1666666666666667;;-rrt;-ct;-cta;0.67;-ctb;1;-rsd;-r;10;-crlow;0.2;-crhi;1.0;-comlow;0.2;-comhi;1.0;-cmin;5;-bbcomp
2;16;1.180722891566265;-d;-rrt;;;;;;-rsd;-r;5;-crlow;0.2;-crhi;1.0;-comlow;0.6;-comhi;1.0;-cmin;15;-bbcomp
2;17;1.180722891566265;-d;-rrt;;;;;;-rsd;-r;10;-crlow;0.2;-crhi;1.0;-comlow;0.6;-comhi;1.0;-cmin;15;-bbcomp
2;18;1.2098765432098766;-d;;;;;;;;;;-crlow;0.2;-crhi;1.0;-comlow;0.6;-comhi;1.0;-cmin;5;
2;19;1.225;;-rrt;;;;;;;;;-crlow;0.2;-crhi;1.0;-comlow;0.6;-comhi;1.0;-cmin;30;-bbcomp
2;20;1.225;-d;;-ct;-cta;0.33;-ctb;1;;;;-crlow;0.2;-crhi;1.0;-comlow;0.9;-comhi;1.0;-cmin;5;
2;21;1.225;-d;;-ct;-cta;0.0;-ctb;10;;;;-crlow;0.2;-crhi;1.0;-comlow;0.6;-comhi;1.0;-cmin;30;-bbcomp
2;22;1.225;;-rrt;;;;;;;;;-crlow;0.2;-crhi;1.0;-comlow;0.9;-comhi;1.0;-cmin;15;-bbcomp
2;23;1.240506329113924;-d;;;;;;;;;;-crlow;0.2;-crhi;1.0;-comlow;0.9;-comhi;1.0;-cmin;5;-bbcomp
2;24;1.240506329113924;;;;;;;;-rsd;-r;1;-crlow;0.6;-crhi;1.0;-comlow;0.9;-comhi;1.0;-cmin;5;-bbcomp
2;25;1.240506329113924;;-rrt;;;;;;-rsd;-r;5;-crlow;0.6;-crhi;1.0;-comlow;0.6;-comhi;1.0;-cmin;5;-bbcomp
2;26;1.2564102564102564;-d;-rrt;;;;;;;;;-crlow;0.9;-crhi;1.0;-comlow;0.2;-comhi;1.0;-cmin;5;-bbcomp
2;27;1.2894736842105263;;-rrt;;;;;;;;;-crlow;0.6;-crhi;1.0;-comlow;0.6;-comhi;1.0;-cmin;5;-bbcomp
2;28;1.101123595505618;-d;-rrt;-ct;-cta;0.33;-ctb;3;;;;-crlow;0.9;-crhi;1.0;-comlow;0.6;-comhi;1.0;-cmin;0;-bbcomp
2;29;1.1666666666666667;-d;-rrt;-ct;-cta;0.67;-ctb;1;;;;-crlow;0.6;-crhi;1.0;-comlow;0.9;-comhi;1.0;-cmin;15;-bbcomp
2;30;1.225;-d;-rrt;;;;;;;;;-crlow;0.2;-crhi;1.0;-comlow;0.6;-comhi;1.0;-cmin;30;-bbcomp
2;31;1.225;;;-ct;-cta;0.0;-ctb;10;-rsd;-r;1;-crlow;0.2;-crhi;1.0;-comlow;0.6;-comhi;1.0;-cmin;5;-bbcomp
2;32;1.1666666666666667;;;-ct;-cta;0.67;-ctb;1;-rsd;-r;5;-crlow;0.2;-crhi;1.0;-comlow;0.2;-comhi;1.0;-cmin;5;
2;33;1.0888888888888888;;;;;;;;;;;-crlow;0.9;-crhi;1.0;-comlow;0.6;-comhi;1.0;-cmin;15;
2;34;1.101123595505618;;-rrt;;;;;;;;;-crlow;0.2;-crhi;1.0;-comlow;0.6;-comhi;1.0;-cmin;5;
2;35;1.380281690140845;;-rrt;-ct;-cta;0.0;-ctb;3;;;;-crlow;0.2;-crhi;1.0;-comlow;0.6;-comhi;1.0;-cmin;5;-bbcomp
2;36;1.240506329113924;;-rrt;;;;;;-rsd;-r;1;-crlow;0.6;-crhi;1.0;-comlow;0.9;-comhi;1.0;-cmin;5;-bbcomp
2;37;1.1666666666666667;;-rrt;;;;;;-rsd;-r;1;-crlow;0.6;-crhi;1.0;-comlow;0.9;-comhi;1.0;-cmin;15;-bbcomp
2;38;1.101123595505618;;;;;;;;;;;-crlow;0.2;-crhi;1.0;-comlow;0.6;-comhi;1.0;-cmin;5;
2;39;1.3424657534246576;-d;;;;;;;;;;-crlow;0.6;-crhi;1.0;-comlow;0.6;-comhi;1.0;-cmin;5;-bbcomp
2;40;1.225;;-rrt;;;;;;;;;-crlow;0.9;-crhi;1.0;-comlow;0.2;-comhi;1.0;-cmin;0;-bbcomp
2;41;1.0;-d;-rrt;;;;;;;;;-crlow;0.9;-crhi;1.0;-comlow;0.6;-comhi;1.0;-cmin;0;
2;42;1.0;-d;-rrt;;;;;;-rsd;-r;10;-crlow;0.9;-crhi;1.0;-comlow;0.9;-comhi;1.0;-cmin;0;-bbcomp
2;43;1.240506329113924;-d;;;;;;;;;;-crlow;0.9;-crhi;1.0;-comlow;0.6;-comhi;1.0;-cmin;15;-bbcomp
2;44;1.1395348837209303;-d;;-ct;-cta;0.33;-ctb;3;;;;-crlow;0.2;-crhi;1.0;-comlow;0.2;-comhi;1.0;-cmin;15;
2;45;1.2894736842105263;-d;;-ct;-cta;0.67;-ctb;3;;;;-crlow;0.2;-crhi;1.0;-comlow;0.9;-comhi;1.0;-cmin;5;-bbcomp
2;46;1.2098765432098766;-d;-rrt;;;;;;;;;-crlow;0.2;-crhi;1.0;-comlow;0.6;-comhi;1.0;-cmin;5;
2;47;0.875;-d;;;;;;;;;;-crlow;0.6;-crhi;1.0;-comlow;0.9;-comhi;1.0;-cmin;0;-bbcomp
2;48;1.225;;;;;;;;-rsd;-r;10;-crlow;0.2;-crhi;1.0;-comlow;0.2;-comhi;1.0;-cmin;30;
2;49;1.0;-d;;;;;;;;;;-crlow;0.9;-crhi;1.0;-comlow;0.9;-comhi;1.0;-cmin;15;
2;50;1.0;-d;-rrt;-ct;-cta;1.0;-ctb;1;;;;-crlow;0.2;-crhi;1.0;-comlow;0.9;-comhi;1.0;-cmin;5;
2;51;1.3243243243243243;-d;;;;;;;-rsd;-r;1;-crlow;0.2;-crhi;1.0;-comlow;0.6;-comhi;1.0;-cmin;5;-bbcomp
2;52;1.101123595505618;-d;-rrt;;;;;;-rsd;-r;5;-crlow;0.6;-crhi;1.0;-comlow;0.9;-comhi;1.0;-cmin;0;-bbcomp
2;53;1.240506329113924;;;;;;;;-rsd;-r;10;-crlow;0.6;-crhi;1.0;-comlow;0.9;-comhi;1.0;-cmin;0;
2;54;1.1951219512195121;;;-ct;-cta;0.0;-ctb;3;-rsd;-r;10;-crlow;0.6;-crhi;1.0;-comlow;0.6;-comhi;1.0;-cmin;5;
2;55;1.225;;;-ct;-cta;0.0;-ctb;3;-rsd;-r;10;-crlow;0.2;-crhi;1.0;-comlow;0.2;-comhi;1.0;-cmin;5;
2;56;0.8448275862068966;-d;-rrt;;;;;;-rsd;-r;5;-crlow;0.2;-crhi;1.0;-comlow;0.2;-comhi;1.0;-cmin;0;-bbcomp
2;57;1.225;-d;;-ct;-cta;0.67;-ctb;3;;;;-crlow;0.2;-crhi;1.0;-comlow;0.2;-comhi;1.0;-cmin;5;-bbcomp
2;58;1.180722891566265;-d;;-ct;-cta;0.67;-ctb;1;;;;-crlow;0.2;-crhi;1.0;-comlow;0.2;-comhi;1.0;-cmin;15;
2;59;1.101123595505618;-d;-rrt;;;;;;-rsd;-r;1;-crlow;0.6;-crhi;1.0;-comlow;0.9;-comhi;1.0;-cmin;0;-bbcomp
2;60;1.0;;;-ct;-cta;0.33;-ctb;10;;;;-crlow;0.6;-crhi;1.0;-comlow;0.9;-comhi;1.0;-cmin;5;
2;61;1.225;;-rrt;-ct;-cta;0.33;-ctb;1;;;;-crlow;0.6;-crhi;1.0;-comlow;0.2;-comhi;1.0;-cmin;5;-bbcomp
2;62;1.225;-d;-rrt;;;;;;;;;-crlow;0.2;-crhi;1.0;-comlow;0.2;-comhi;1.0;-cmin;15;-bbcomp
2;63;1.0888888888888888;-d;-rrt;;;;;;-rsd;-r;10;-crlow;0.9;-crhi;1.0;-comlow;0.2;-comhi;1.0;-cmin;0;-bbcomp
2;64;1.0;-d;;-ct;-cta;1.0;-ctb;10;;;;-crlow;0.2;-crhi;1.0;-comlow;0.6;-comhi;1.0;-cmin;15;-bbcomp
2;65;1.225;;-rrt;-ct;-cta;0.0;-ctb;10;;;;-crlow;0.2;-crhi;1.0;-comlow;0.6;-comhi;1.0;-cmin;30;-bbcomp
2;66;1.1666666666666667;;;;;;;;;;;-crlow;0.2;-crhi;1.0;-comlow;0.9;-comhi;1.0;-cmin;5;
2;67;1.225;-d;-rrt;;;;;;;;;-crlow;0.2;-crhi;1.0;-comlow;0.6;-comhi;1.0;-cmin;15;-bbcomp
2;68;1.1529411764705881;-d;;;;;;;;;;-crlow;0.6;-crhi;1.0;-comlow;0.2;-comhi;1.0;-cmin;5;
2;69;1.225;-d;;;;;;;;;;-crlow;0.2;-crhi;1.0;-comlow;0.6;-comhi;1.0;-cmin;15;-bbcomp
3;0;1.2098765432098766;-d;-rrt;;;;;;;;;-crlow;0.2;-crhi;1.0;-comlow;0.6;-comhi;1.0;-cmin;5;
3;1;1.225;;-rrt;;;;;;;;;-crlow;0.2;-crhi;1.0;-comlow;0.6;-comhi;1.0;-cmin;30;-bbcomp
3;2;1.225;-d;;-ct;-cta;0.33;-ctb;1;;;;-crlow;0.2;-crhi;1.0;-comlow;0.9;-comhi;1.0;-cmin;5;
3;3;1.225;-d;;-ct;-cta;0.0;-ctb;10;;;;-crlow;0.2;-crhi;1.0;-comlow;0.6;-comhi;1.0;-cmin;30;-bbcomp
3;4;1.225;;-rrt;;;;;;;;;-crlow;0.2;-crhi;1.0;-comlow;0.9;-comhi;1.0;-cmin;15;-bbcomp
3;5;1.225;-d;-rrt;;;;;;;;;-crlow;0.2;-crhi;1.0;-comlow;0.6;-comhi;1.0;-cmin;30;-bbcomp
3;6;1.225;;;-ct;-cta;0.0;-ctb;10;-rsd;-r;1;-crlow;0.2;-crhi;1.0;-comlow;0.6;-comhi;1.0;-cmin;5;-bbcomp
3;7;1.225;;-rrt;;;;;;;;;-crlow;0.9;-crhi;1.0;-comlow;0.2;-comhi;1.0;-cmin;0;-bbcomp
3;8;1.225;;;;;;;;-rsd;-r;10;-crlow;0.2;-crhi;1.0;-comlow;0.2;-comhi;1.0;-cmin;30;
3;9;1.225;;;-ct;-cta;0.0;-ctb;3;-rsd;-r;10;-crlow;0.2;-crhi;1.0;-comlow;0.2;-comhi;1.0;-cmin;5;
3;10;1.225;-d;;-ct;-cta;0.67;-ctb;3;;;;-crlow;0.2;-crhi;1.0;-comlow;0.2;-comhi;1.0;-cmin;5;-bbcomp
3;11;1.225;;-rrt;-ct;-cta;0.33;-ctb;1;;;;-crlow;0.6;-crhi;1.0;-comlow;0.2;-comhi;1.0;-cmin;5;-bbcomp
3;12;1.225;-d;-rrt;;;;;;;;;-crlow;0.2;-crhi;1.0;-comlow;0.2;-comhi;1.0;-cmin;15;-bbcomp
3;13;1.225;;-rrt;-ct;-cta;0.0;-ctb;10;;;;-crlow;0.2;-crhi;1.0;-comlow;0.6;-comhi;1.0;-cmin;30;-bbcomp
3;14;1.225;-d;-rrt;;;;;;;;;-crlow;0.2;-crhi;1.0;-comlow;0.6;-comhi;1.0;-cmin;15;-bbcomp
3;15;1.225;-d;;;;;;;;;;-crlow;0.2;-crhi;1.0;-comlow;0.6;-comhi;1.0;-cmin;15;-bbcomp
3;16;1.240506329113924;-d;;;;;;;;;;-crlow;0.2;-crhi;1.0;-comlow;0.9;-comhi;1.0;-cmin;5;-bbcomp
3;17;1.240506329113924;;;;;;;;-rsd;-r;1;-crlow;0.6;-crhi;1.0;-comlow;0.9;-comhi;1.0;-cmin;5;-bbcomp
3;18;1.240506329113924;;-rrt;;;;;;-rsd;-r;5;-crlow;0.6;-crhi;1.0;-comlow;0.6;-comhi;1.0;-cmin;5;-bbcomp
3;19;1.240506329113924;;-rrt;;;;;;-rsd;-r;1;-crlow;0.6;-crhi;1.0;-comlow;0.9;-comhi;1.0;-cmin;5;-bbcomp
3;20;1.240506329113924;-d;;;;;;;;;;-crlow;0.9;-crhi;1.0;-comlow;0.6;-comhi;1.0;-cmin;15;-bbcomp
3;21;1.240506329113924;;;;;;;;-rsd;-r;10;-crlow;0.6;-crhi;1.0;-comlow;0.9;-comhi;1.0;-cmin;0;
3;22;1.2564102564102564;-d;-rrt;;;;;;;;;-crlow;0.9;-crhi;1.0;-comlow;0.2;-comhi;1.0;-cmin;5;-bbcomp
3;23;1.2894736842105263;;-rrt;;;;;;;;;-crlow;0.6;-crhi;1.0;-comlow;0.6;-comhi;1.0;-cmin;5;-bbcomp
3;24;1.2894736842105263;-d;;-ct;-cta;0.67;-ctb;3;;;;-crlow;0.2;-crhi;1.0;-comlow;0.9;-comhi;1.0;-cmin;5;-bbcomp
3;25;1.3243243243243243;-d;;;;;;;-rsd;-r;1;-crlow;0.2;-crhi;1.0;-comlow;0.6;-comhi;1.0;-cmin;5;-bbcomp
3;26;1.3424657534246576;-d;;;;;;;;;;-crlow;0.6;-crhi;1.0;-comlow;0.6;-comhi;1.0;-cmin;5;-bbcomp
3;27;1.380281690140845;;-rrt;-ct;-cta;0.0;-ctb;3;;;;-crlow;0.2;-crhi;1.0;-comlow;0.6;-comhi;1.0;-cmin;5;-bbcomp
3;28;1.1666666666666667;;-rrt;;;;;;-rsd;-r;1;-crlow;0.6;-crhi;1.0;-comlow;0.9;-comhi;1.0;-cmin;15;-bbcomp
3;29;1.1666666666666667;;-rrt;;;;;;-rsd;-r;1;-crlow;0.2;-crhi;1.0;-comlow;0.9;-comhi;1.0;-cmin;15;-bbcomp
3;30;1.0;;-rrt;-ct;-cta;0.0;-ctb;3;;;;-crlow;0.6;-crhi;1.0;-comlow;0.6;-comhi;1.0;-cmin;30;-bbcomp
3;31;1.240506329113924;;-rrt;;;;;;;;;-crlow;0.6;-crhi;1.0;-comlow;0.6;-comhi;1.0;-cmin;15;-bbcomp
3;32;0.8828828828828829;-d;-rrt;;;;;;;;;-crlow;0.6;-crhi;1.0;-comlow;0.2;-comhi;1.0;-cmin;0;-bbcomp
3;33;0.9514563106796117;;-rrt;;;;;;;;;-crlow;0.6;-crhi;1.0;-comlow;0.9;-comhi;1.0;-cmin;0;-bbcomp
3;34;1.225;;-rrt;;;;;;-rsd;-r;5;-crlow;0.2;-crhi;1.0;-comlow;0.9;-comhi;1.0;-cmin;5;-bbcomp
3;35;1.1666666666666667;-d;-rrt;;;;;;-rsd;-r;10;-crlow;0.6;-crhi;1.0;-comlow;0.9;-comhi;1.0;-cmin;30;-bbcomp
3;36;1.225;;-rrt;;;;;;-rsd;-r;5;-crlow;0.2;-crhi;1.0;-comlow;0.6;-comhi;1.0;-cmin;5;-bbcomp
3;37;1.3243243243243243;-d;-rrt;;;;;;-rsd;-r;1;-crlow;0.2;-crhi;1.0;-comlow;0.6;-comhi;1.0;-cmin;5;-bbcomp
3;38;1.1951219512195121;-d;;;;;;;;;;-crlow;0.2;-crhi;1.0;-comlow;0.2;-comhi;1.0;-cmin;5;-bbcomp
3;39;1.0;-d;;-ct;-cta;1.0;-ctb;3;;;;-crlow;0.2;-crhi;1.0;-comlow;0.6;-comhi;1.0;-cmin;5;
3;40;1.225;-d;;-ct;-cta;0.67;-ctb;3;;;;-crlow;0.2;-crhi;1.0;-comlow;0.2;-comhi;1.0;-cmin;5;-bbcomp
3;41;1.2564102564102564;-d;;;;;;;;;;-crlow;0.9;-crhi;1.0;-comlow;0.2;-comhi;1.0;-cmin;5;-bbcomp
3;42;1.2564102564102564;-d;-rrt;;;;;;;;;-crlow;0.9;-crhi;1.0;-comlow;0.2;-comhi;1.0;-cmin;5;-bbcomp
3;43;1.1136363636363635;-d;-rrt;;;;;;;;;-crlow;0.9;-crhi;1.0;-comlow;0.9;-comhi;1.0;-cmin;5;-bbcomp
3;44;1.1666666666666667;;;;;;;;-rsd;-r;10;-crlow;0.6;-crhi;1.0;-comlow;0.9;-comhi;1.0;-cmin;15;-bbcomp
3;45;1.240506329113924;;;;;;;;-rsd;-r;1;-crlow;0.6;-crhi;1.0;-comlow;0.9;-comhi;1.0;-cmin;0;
3;46;1.240506329113924;-d;-rrt;;;;;;;;;-crlow;0.9;-crhi;1.0;-comlow;0.6;-comhi;1.0;-cmin;15;-bbcomp
3;47;1.225;-d;;;;;;;;;;-crlow;0.2;-crhi;1.0;-comlow;0.2;-comhi;1.0;-cmin;15;-bbcomp
3;48;1.1951219512195121;-d;-rrt;;;;;;;;;-crlow;0.2;-crhi;1.0;-comlow;0.2;-comhi;1.0;-cmin;5;-bbcomp
3;49;1.240506329113924;-d;-rrt;;;;;;;;;-crlow;0.9;-crhi;1.0;-comlow;0.2;-comhi;1.0;-cmin;15;-bbcomp
3;50;0.875;-d;;;;;;;;;;-crlow;0.6;-crhi;1.0;-comlow;0.6;-comhi;1.0;-cmin;0;-bbcomp
3;51;1.225;;-rrt;;;;;;-rsd;-r;10;-crlow;0.2;-crhi;1.0;-comlow;0.2;-comhi;1.0;-cmin;30;
3;52;1.1666666666666667;;-rrt;;;;;;-rsd;-r;1;-crlow;0.2;-crhi;1.0;-comlow;0.6;-comhi;1.0;-cmin;15;-bbcomp
3;53;0.7368421052631579;;;;;;;;;;;-crlow;0.2;-crhi;1.0;-comlow;0.9;-comhi;1.0;-cmin;0;-bbcomp
3;54;1.1666666666666667;-d;;;;;;;-rsd;-r;10;-crlow;0.6;-crhi;1.0;-comlow;0.2;-comhi;1.0;-cmin;15;-bbcomp
3;55;1.2727272727272727;;-rrt;-ct;-cta;0.67;-ctb;3;-rsd;-r;1;-crlow;0.2;-crhi;1.0;-comlow;0.9;-comhi;1.0;-cmin;5;-bbcomp
3;56;1.0;-d;;;;;;;-rsd;-r;1;-crlow;0.9;-crhi;1.0;-comlow;0.9;-comhi;1.0;-cmin;5;-bbcomp
3;57;1.0;;-rrt;-ct;-cta;1.0;-ctb;10;-rsd;-r;5;-crlow;0.9;-crhi;1.0;-comlow;0.6;-comhi;1.0;-cmin;5;-bbcomp
3;58;1.180722891566265;;;;;;;;;;;-crlow;0.9;-crhi;1.0;-comlow;0.6;-comhi;1.0;-cmin;5;-bbcomp
3;59;1.0;-d;-rrt;;;;;;;;;-crlow;0.9;-crhi;1.0;-comlow;0.2;-comhi;1.0;-cmin;30;-bbcomp
3;60;0.6805555555555556;-d;-rrt;;;;;;;;;-crlow;0.2;-crhi;1.0;-comlow;0.2;-comhi;1.0;-cmin;0;-bbcomp
3;61;1.225;-d;;-ct;-cta;0.67;-ctb;1;;;;-crlow;0.2;-crhi;1.0;-comlow;0.6;-comhi;1.0;-cmin;5;
3;62;1.1395348837209303;-d;;;;;;;-rsd;-r;5;-crlow;0.2;-crhi;1.0;-comlow;0.9;-comhi;1.0;-cmin;5;
3;63;1.225;;;;;;;;;;;-crlow;0.6;-crhi;1.0;-comlow;0.6;-comhi;1.0;-cmin;5;
3;64;1.0888888888888888;;;;;;;;-rsd;-r;10;-crlow;0.9;-crhi;1.0;-comlow;0.6;-comhi;1.0;-cmin;5;-bbcomp
3;65;1.0;;;-ct;-cta;0.0;-ctb;10;-rsd;-r;1;-crlow;0.6;-crhi;1.0;-comlow;0.6;-comhi;1.0;-cmin;5;-bbcomp
3;66;1.2894736842105263;;;;;;;;;;;-crlow;0.6;-crhi;1.0;-comlow;0.9;-comhi;1.0;-cmin;5;-bbcomp
3;67;1.3243243243243243;-d;;;;;;;-rsd;-r;1;-crlow;0.2;-crhi;1.0;-comlow;0.9;-comhi;1.0;-cmin;5;-bbcomp
3;68;1.225;-d;;-ct;-cta;0.67;-ctb;3;-rsd;-r;1;-crlow;0.2;-crhi;1.0;-comlow;0.2;-comhi;1.0;-cmin;5;-bbcomp
3;69;1.225;-d;-rrt;-ct;-cta;0.33;-ctb;1;;;;-crlow;0.2;-crhi;1.0;-comlow;0.6;-comhi;1.0;-cmin;5;-bbcomp
4;0;1.225;-d;;;;;;;;;;-crlow;0.2;-crhi;1.0;-comlow;0.2;-comhi;1.0;-cmin;15;-bbcomp
4;1;1.225;;-rrt;;;;;;-rsd;-r;10;-crlow;0.2;-crhi;1.0;-comlow;0.2;-comhi;1.0;-cmin;30;
4;2;1.225;-d;;-ct;-cta;0.67;-ctb;1;;;;-crlow;0.2;-crhi;1.0;-comlow;0.6;-comhi;1.0;-cmin;5;
4;3;1.225;;;;;;;;;;;-crlow;0.6;-crhi;1.0;-comlow;0.6;-comhi;1.0;-cmin;5;
4;4;1.225;-d;;-ct;-cta;0.67;-ctb;3;-rsd;-r;1;-crlow;0.2;-crhi;1.0;-comlow;0.2;-comhi;1.0;-cmin;5;-bbcomp
4;5;1.225;-d;-rrt;-ct;-cta;0.33;-ctb;1;;;;-crlow;0.2;-crhi;1.0;-comlow;0.6;-comhi;1.0;-cmin;5;-bbcomp
4;6;1.240506329113924;-d;;;;;;;;;;-crlow;0.2;-crhi;1.0;-comlow;0.9;-comhi;1.0;-cmin;5;-bbcomp
4;7;1.240506329113924;;;;;;;;-rsd;-r;1;-crlow;0.6;-crhi;1.0;-comlow;0.9;-comhi;1.0;-cmin;5;-bbcomp
4;8;1.240506329113924;;-rrt;;;;;;-rsd;-r;5;-crlow;0.6;-crhi;1.0;-comlow;0.6;-comhi;1.0;-cmin;5;-bbcomp
4;9;1.240506329113924;;-rrt;;;;;;-rsd;-r;1;-crlow;0.6;-crhi;1.0;-comlow;0.9;-comhi;1.0;-cmin;5;-bbcomp
4;10;1.240506329113924;-d;;;;;;;;;;-crlow;0.9;-crhi;1.0;-comlow;0.6;-comhi;1.0;-cmin;15;-bbcomp
4;11;1.240506329113924;;;;;;;;-rsd;-r;10;-crlow;0.6;-crhi;1.0;-comlow;0.9;-comhi;1.0;-cmin;0;
4;12;1.240506329113924;;-rrt;;;;;;;;;-crlow;0.6;-crhi;1.0;-comlow;0.6;-comhi;1.0;-cmin;15;-bbcomp
4;13;1.240506329113924;;;;;;;;-rsd;-r;1;-crlow;0.6;-crhi;1.0;-comlow;0.9;-comhi;1.0;-cmin;0;
4;14;1.240506329113924;-d;-rrt;;;;;;;;;-crlow;0.9;-crhi;1.0;-comlow;0.6;-comhi;1.0;-cmin;15;-bbcomp
4;15;1.240506329113924;-d;-rrt;;;;;;;;;-crlow;0.9;-crhi;1.0;-comlow;0.2;-comhi;1.0;-cmin;15;-bbcomp
4;16;1.2564102564102564;-d;-rrt;;;;;;;;;-crlow;0.9;-crhi;1.0;-comlow;0.2;-comhi;1.0;-cmin;5;-bbcomp
4;17;1.2564102564102564;-d;;;;;;;;;;-crlow;0.9;-crhi;1.0;-comlow;0.2;-comhi;1.0;-cmin;5;-bbcomp
4;18;1.2564102564102564;-d;-rrt;;;;;;;;;-crlow;0.9;-crhi;1.0;-comlow;0.2;-comhi;1.0;-cmin;5;-bbcomp
4;19;1.2727272727272727;;-rrt;-ct;-cta;0.67;-ctb;3;-rsd;-r;1;-crlow;0.2;-crhi;1.0;-comlow;0.9;-comhi;1.0;-cmin;5;-bbcomp
4;20;1.2894736842105263;;-rrt;;;;;;;;;-crlow;0.6;-crhi;1.0;-comlow;0.6;-comhi;1.0;-cmin;5;-bbcomp
4;21;1.2894736842105263;-d;;-ct;-cta;0.67;-ctb;3;;;;-crlow;0.2;-crhi;1.0;-comlow;0.9;-comhi;1.0;-cmin;5;-bbcomp
4;22;1.2894736842105263;;;;;;;;;;;-crlow;0.6;-crhi;1.0;-comlow;0.9;-comhi;1.0;-cmin;5;-bbcomp
4;23;1.3243243243243243;-d;;;;;;;-rsd;-r;1;-crlow;0.2;-crhi;1.0;-comlow;0.6;-comhi;1.0;-cmin;5;-bbcomp
4;24;1.3243243243243243;-d;-rrt;;;;;;-rsd;-r;1;-crlow;0.2;-crhi;1.0;-comlow;0.6;-comhi;1.0;-cmin;5;-bbcomp
4;25;1.3243243243243243;-d;;;;;;;-rsd;-r;1;-crlow;0.2;-crhi;1.0;-comlow;0.9;-comhi;1.0;-cmin;5;-bbcomp
4;26;1.3424657534246576;-d;;;;;;;;;;-crlow;0.6;-crhi;1.0;-comlow;0.6;-comhi;1.0;-cmin;5;-bbcomp
4;27;1.380281690140845;;-rrt;-ct;-cta;0.0;-ctb;3;;;;-crlow;0.2;-crhi;1.0;-comlow;0.6;-comhi;1.0;-cmin;5;-bbcomp
4;28;1.225;-d;;-ct;-cta;0.0;-ctb;10;;;;-crlow;0.2;-crhi;1.0;-comlow;0.9;-comhi;1.0;-cmin;5;-bbcomp
4;29;1.225;-d;-rrt;;;;;;;;;-crlow;0.2;-crhi;1.0;-comlow;0.2;-comhi;1.0;-cmin;15;-bbcomp
4;30;1.0;-d;;-ct;-cta;1.0;-ctb;3;;;;-crlow;0.2;-crhi;1.0;-comlow;0.6;-comhi;1.0;-cmin;5;-bbcomp
4;31;1.225;;-rrt;;;;;;;;;-crlow;0.2;-crhi;1.0;-comlow;0.2;-comhi;1.0;-cmin;30;
4;32;1.101123595505618;;-rrt;;;;;;-rsd;-r;10;-crlow;0.2;-crhi;1.0;-comlow;0.2;-comhi;1.0;-cmin;15;-bbcomp
4;33;1.2894736842105263;-d;;-ct;-cta;0.67;-ctb;3;;;;-crlow;0.6;-crhi;1.0;-comlow;0.6;-comhi;1.0;-cmin;5;-bbcomp
4;34;1.3424657534246576;-d;-rrt;;;;;;;;;-crlow;0.6;-crhi;1.0;-comlow;0.9;-comhi;1.0;-cmin;5;-bbcomp
4;35;1.240506329113924;-d;-rrt;;;;;;;;;-crlow;0.9;-crhi;1.0;-comlow;0.6;-comhi;1.0;-cmin;5;-bbcomp
4;36;1.0103092783505154;-d;;;;;;;-rsd;-r;5;-crlow;0.2;-crhi;1.0;-comlow;0.2;-comhi;1.0;-cmin;5;-bbcomp
4;37;1.240506329113924;-d;;;;;;;;;;-crlow;0.9;-crhi;1.0;-comlow;0.2;-comhi;1.0;-cmin;15;-bbcomp
4;38;1.3424657534246576;-d;;;;;;;;;;-crlow;0.6;-crhi;1.0;-comlow;0.2;-comhi;1.0;-cmin;5;-bbcomp
4;39;1.2727272727272727;;-rrt;-ct;-cta;0.67;-ctb;3;;;;-crlow;0.2;-crhi;1.0;-comlow;0.9;-comhi;1.0;-cmin;5;-bbcomp
4;40;1.2727272727272727;;;-ct;-cta;0.67;-ctb;3;-rsd;-r;1;-crlow;0.2;-crhi;1.0;-comlow;0.9;-comhi;1.0;-cmin;5;-bbcomp
4;41;1.0;-d;-rrt;-ct;-cta;0.33;-ctb;10;;;;-crlow;0.9;-crhi;1.0;-comlow;0.6;-comhi;1.0;-cmin;15;-bbcomp
4;42;1.101123595505618;-d;;;;;;;-rsd;-r;1;-crlow;0.9;-crhi;1.0;-comlow;0.6;-comhi;1.0;-cmin;15;-bbcomp
4;43;1.225;;-rrt;;;;;;-rsd;-r;5;-crlow;0.2;-crhi;1.0;-comlow;0.9;-comhi;1.0;-cmin;5;-bbcomp
4;44;1.1666666666666667;-d;;;;;;;-rsd;-r;1;-crlow;0.6;-crhi;1.0;-comlow;0.9;-comhi;1.0;-cmin;30;-bbcomp
4;45;1.240506329113924;-d;-rrt;;;;;;;;;-crlow;0.9;-crhi;1.0;-comlow;0.6;-comhi;1.0;-cmin;0;-bbcomp
4;46;1.3066666666666666;-d;;;;;;;-rsd;-r;1;-crlow;0.6;-crhi;1.0;-comlow;0.6;-comhi;1.0;-cmin;5;-bbcomp
4;47;1.240506329113924;;;;;;;;;;;-crlow;0.6;-crhi;1.0;-comlow;0.6;-comhi;1.0;-cmin;15;-bbcomp
4;48;1.225;;-rrt;;;;;;;;;-crlow;0.9;-crhi;1.0;-comlow;0.2;-comhi;1.0;-cmin;5;-bbcomp
4;49;1.225;;;;;;;;;;;-crlow;0.2;-crhi;1.0;-comlow;0.6;-comhi;1.0;-cmin;15;-bbcomp
4;50;1.3424657534246576;-d;;;;;;;;;;-crlow;0.6;-crhi;1.0;-comlow;0.9;-comhi;1.0;-cmin;5;-bbcomp
4;51;1.3066666666666666;-d;;;;;;;-rsd;-r;5;-crlow;0.6;-crhi;1.0;-comlow;0.2;-comhi;1.0;-cmin;5;-bbcomp
4;52;1.225;;;;;;;;;;;-crlow;0.9;-crhi;1.0;-comlow;0.2;-comhi;1.0;-cmin;5;-bbcomp
4;53;1.225;-d;;-ct;-cta;0.67;-ctb;1;;;;-crlow;0.2;-crhi;1.0;-comlow;0.9;-comhi;1.0;-cmin;5;-bbcomp
4;54;1.0;-d;;-ct;-cta;0.67;-ctb;10;;;;-crlow;0.2;-crhi;1.0;-comlow;0.6;-comhi;1.0;-cmin;5;
4;55;1.1529411764705881;;;;;;;;;;;-crlow;0.6;-crhi;1.0;-comlow;0.2;-comhi;1.0;-cmin;5;
4;56;1.101123595505618;;;;;;;;-rsd;-r;10;-crlow;0.2;-crhi;1.0;-comlow;0.2;-comhi;1.0;-cmin;5;
4;57;1.1529411764705881;;;;;;;;;;;-crlow;0.2;-crhi;1.0;-comlow;0.6;-comhi;1.0;-cmin;5;-bbcomp
4;58;1.240506329113924;-d;;;;;;;;;;-crlow;0.9;-crhi;1.0;-comlow;0.6;-comhi;1.0;-cmin;5;-bbcomp
4;59;1.240506329113924;;-rrt;-ct;-cta;0.33;-ctb;1;-rsd;-r;5;-crlow;0.2;-crhi;1.0;-comlow;0.6;-comhi;1.0;-cmin;5;-bbcomp
4;60;1.0;-d;-rrt;-ct;-cta;1.0;-ctb;1;-rsd;-r;10;-crlow;0.2;-crhi;1.0;-comlow;0.9;-comhi;1.0;-cmin;30;-bbcomp
4;61;1.2727272727272727;-d;;;;;;;-rsd;-r;5;-crlow;0.2;-crhi;1.0;-comlow;0.6;-comhi;1.0;-cmin;5;-bbcomp
4;62;1.240506329113924;;-rrt;;;;;;-rsd;-r;1;-crlow;0.6;-crhi;1.0;-comlow;0.6;-comhi;1.0;-cmin;5;-bbcomp
4;63;1.0;;-rrt;;;;;;-rsd;-r;1;-crlow;0.6;-crhi;1.0;-comlow;0.9;-comhi;1.0;-cmin;30;-bbcomp
4;64;1.1666666666666667;-d;;;;;;;;;;-crlow;0.6;-crhi;1.0;-comlow;0.2;-comhi;1.0;-cmin;30;-bbcomp
4;65;1.1951219512195121;-d;;;;;;;;;;-crlow;0.2;-crhi;1.0;-comlow;0.2;-comhi;1.0;-cmin;5;-bbcomp
4;66;0.8235294117647058;;;-ct;-cta;0.0;-ctb;1;;;;-crlow;0.6;-crhi;1.0;-comlow;0.2;-comhi;1.0;-cmin;0;
4;67;1.1666666666666667;-d;;;;;;;-rsd;-r;1;-crlow;0.6;-crhi;1.0;-comlow;0.9;-comhi;1.0;-cmin;15;-bbcomp
4;68;0.9423076923076923;;;;;;;;-rsd;-r;10;-crlow;0.6;-crhi;1.0;-comlow;0.9;-comhi;1.0;-cmin;0;-bbcomp
4;69;1.0;-d;-rrt;;;;;;;;;-crlow;0.9;-crhi;1.0;-comlow;0.6;-comhi;1.0;-cmin;15;
5;0;1.240506329113924;-d;-rrt;;;;;;;;;-crlow;0.9;-crhi;1.0;-comlow;0.6;-comhi;1.0;-cmin;5;-bbcomp
5;1;1.240506329113924;-d;;;;;;;;;;-crlow;0.9;-crhi;1.0;-comlow;0.2;-comhi;1.0;-cmin;15;-bbcomp
5;2;1.240506329113924;-d;-rrt;;;;;;;;;-crlow;0.9;-crhi;1.0;-comlow;0.6;-comhi;1.0;-cmin;0;-bbcomp
5;3;1.240506329113924;;;;;;;;;;;-crlow;0.6;-crhi;1.0;-comlow;0.6;-comhi;1.0;-cmin;15;-bbcomp
5;4;1.240506329113924;-d;;;;;;;;;;-crlow;0.9;-crhi;1.0;-comlow;0.6;-comhi;1.0;-cmin;5;-bbcomp
5;5;1.240506329113924;;-rrt;-ct;-cta;0.33;-ctb;1;-rsd;-r;5;-crlow;0.2;-crhi;1.0;-comlow;0.6;-comhi;1.0;-cmin;5;-bbcomp
5;6;1.240506329113924;;-rrt;;;;;;-rsd;-r;1;-crlow;0.6;-crhi;1.0;-comlow;0.6;-comhi;1.0;-cmin;5;-bbcomp
5;7;1.2564102564102564;-d;-rrt;;;;;;;;;-crlow;0.9;-crhi;1.0;-comlow;0.2;-comhi;1.0;-cmin;5;-bbcomp
5;8;1.2564102564102564;-d;;;;;;;;;;-crlow;0.9;-crhi;1.0;-comlow;0.2;-comhi;1.0;-cmin;5;-bbcomp
5;9;1.2564102564102564;-d;-rrt;;;;;;;;;-crlow;0.9;-crhi;1.0;-comlow;0.2;-comhi;1.0;-cmin;5;-bbcomp
5;10;1.2727272727272727;;-rrt;-ct;-cta;0.67;-ctb;3;-rsd;-r;1;-crlow;0.2;-crhi;1.0;-comlow;0.9;-comhi;1.0;-cmin;5;-bbcomp
5;11;1.2727272727272727;;-rrt;-ct;-cta;0.67;-ctb;3;;;;-crlow;0.2;-crhi;1.0;-comlow;0.9;-comhi;1.0;-cmin;5;-bbcomp
5;12;1.2727272727272727;;;-ct;-cta;0.67;-ctb;3;-rsd;-r;1;-crlow;0.2;-crhi;1.0;-comlow;0.9;-comhi;1.0;-cmin;5;-bbcomp
5;13;1.2727272727272727;-d;;;;;;;-rsd;-r;5;-crlow;0.2;-crhi;1.0;-comlow;0.6;-comhi;1.0;-cmin;5;-bbcomp
5;14;1.2894736842105263;;-rrt;;;;;;;;;-crlow;0.6;-crhi;1.0;-comlow;0.6;-comhi;1.0;-cmin;5;-bbcomp
5;15;1.2894736842105263;-d;;-ct;-cta;0.67;-ctb;3;;;;-crlow;0.2;-crhi;1.0;-comlow;0.9;-comhi;1.0;-cmin;5;-bbcomp
5;16;1.2894736842105263;;;;;;;;;;;-crlow;0.6;-crhi;1.0;-comlow;0.9;-comhi;1.0;-cmin;5;-bbcomp
5;17;1.2894736842105263;-d;;-ct;-cta;0.67;-ctb;3;;;;-crlow;0.6;-crhi;1.0;-comlow;0.6;-comhi;1.0;-cmin;5;-bbcomp
5;18;1.3066666666666666;-d;;;;;;;-rsd;-r;1;-crlow;0.6;-crhi;1.0;-comlow;0.6;-comhi;1.0;-cmin;5;-bbcomp
5;19;1.3066666666666666;-d;;;;;;;-rsd;-r;5;-crlow;0.6;-crhi;1.0;-comlow;0.2;-comhi;1.0;-cmin;5;-bbcomp
5;20;1.3243243243243243;-d;;;;;;;-rsd;-r;1;-crlow;0.2;-crhi;1.0;-comlow;0.6;-comhi;1.0;-cmin;5;-bbcomp
5;21;1.3243243243243243;-d;-rrt;;;;;;-rsd;-r;1;-crlow;0.2;-crhi;1.0;-comlow;0.6;-comhi;1.0;-cmin;5;-bbcomp
5;22;1.3243243243243243;-d;;;;;;;-rsd;-r;1;-crlow;0.2;-crhi;1.0;-comlow;0.9;-comhi;1.0;-cmin;5;-bbcomp
5;23;1.3424657534246576;-d;;;;;;;;;;-crlow;0.6;-crhi;1.0;-comlow;0.6;-comhi;1.0;-cmin;5;-bbcomp
5;24;1.3424657534246576;-d;-rrt;;;;;;;;;-crlow;0.6;-crhi;1.0;-comlow;0.9;-comhi;1.0;-cmin;5;-bbcomp
5;25;1.3424657534246576;-d;;;;;;;;;;-crlow;0.6;-crhi;1.0;-comlow;0.2;-comhi;1.0;-cmin;5;-bbcomp
5;26;1.3424657534246576;-d;;;;;;;;;;-crlow;0.6;-crhi;1.0;-comlow;0.9;-comhi;1.0;-cmin;5;-bbcomp
5;27;1.380281690140845;;-rrt;-ct;-cta;0.0;-ctb;3;;;;-crlow;0.2;-crhi;1.0;-comlow;0.6;-comhi;1.0;-cmin;5;-bbcomp
5;28;1.2727272727272727;-d;;;;;;;;;;-crlow;0.6;-crhi;1.0;-comlow;0.2;-comhi;1.0;-cmin;15;-bbcomp
5;29;1.2727272727272727;-d;-rrt;;;;;;;;;-crlow;0.6;-crhi;1.0;-comlow;0.2;-comhi;1.0;-cmin;15;-bbcomp
5;30;1.101123595505618;-d;-rrt;;;;;;-rsd;-r;1;-crlow;0.9;-crhi;1.0;-comlow;0.6;-comhi;1.0;-cmin;5;-bbcomp
5;31;1.240506329113924;-d;-rrt;;;;;;;;;-crlow;0.2;-crhi;1.0;-comlow;0.6;-comhi;1.0;-cmin;5;-bbcomp
5;32;1.1136363636363635;-d;-rrt;;;;;;-rsd;-r;1;-crlow;0.2;-crhi;1.0;-comlow;0.2;-comhi;1.0;-cmin;5;-bbcomp
5;33;1.3066666666666666;-d;-rrt;;;;;;-rsd;-r;5;-crlow;0.6;-crhi;1.0;-comlow;0.6;-comhi;1.0;-cmin;5;-bbcomp
5;34;1.0;-d;;-ct;-cta;1.0;-ctb;10;-rsd;-r;1;-crlow;0.9;-crhi;1.0;-comlow;0.2;-comhi;1.0;-cmin;5;-bbcomp
5;35;1.101123595505618;-d;;-ct;-cta;0.67;-ctb;3;;;;-crlow;0.9;-crhi;1.0;-comlow;0.9;-comhi;1.0;-cmin;5;-bbcomp
5;36;1.240506329113924;;;;;;;;-rsd;-r;5;-crlow;0.6;-crhi;1.0;-comlow;0.6;-comhi;1.0;-cmin;5;-bbcomp
5;37;1.3611111111111112;;-rrt;-ct;-cta;0.33;-ctb;3;;;;-crlow;0.2;-crhi;1.0;-comlow;0.6;-comhi;1.0;-cmin;5;-bbcomp
5;38;1.3424657534246576;-d;-rrt;;;;;;;;;-crlow;0.6;-crhi;1.0;-comlow;0.6;-comhi;1.0;-cmin;5;-bbcomp
5;39;1.240506329113924;-d;;;;;;;;;;-crlow;0.9;-crhi;1.0;-comlow;0.6;-comhi;1.0;-cmin;0;-bbcomp
5;40;0.8521739130434782;;;;;;;;;;;-crlow;0.6;-crhi;1.0;-comlow;0.6;-comhi;1.0;-cmin;0;-bbcomp
5;41;1.225;-d;-rrt;;;;;;;;;-crlow;0.2;-crhi;1.0;-comlow;0.2;-comhi;1.0;-cmin;15;-bbcomp
5;42;1.0208333333333333;;;;;;;;-rsd;-r;1;-crlow;0.2;-crhi;1.0;-comlow;0.2;-comhi;1.0;-cmin;5;-bbcomp
5;43;1.1136363636363635;;;;;;;;;;;-crlow;0.9;-crhi;1.0;-comlow;0.9;-comhi;1.0;-cmin;15;-bbcomp
5;44;1.0;;;-ct;-cta;1.0;-ctb;1;;;;-crlow;0.9;-crhi;1.0;-comlow;0.9;-comhi;1.0;-cmin;15;-bbcomp
5;45;1.1666666666666667;;-rrt;-ct;-cta;0.33;-ctb;3;;;;-crlow;0.9;-crhi;1.0;-comlow;0.6;-comhi;1.0;-cmin;5;-bbcomp
5;46;1.101123595505618;-d;-rrt;-ct;-cta;0.67;-ctb;3;;;;-crlow;0.9;-crhi;1.0;-comlow;0.6;-comhi;1.0;-cmin;5;-bbcomp
5;47;1.1666666666666667;-d;;;;;;;-rsd;-r;1;-crlow;0.6;-crhi;1.0;-comlow;0.6;-comhi;1.0;-cmin;15;-bbcomp
5;48;1.3066666666666666;-d;;;;;;;-rsd;-r;5;-crlow;0.6;-crhi;1.0;-comlow;0.6;-comhi;1.0;-cmin;5;-bbcomp
5;49;1.101123595505618;-d;-rrt;;;;;;-rsd;-r;1;-crlow;0.9;-crhi;1.0;-comlow;0.6;-comhi;1.0;-cmin;5;-bbcomp
5;50;1.0;-d;;;;;;;-rsd;-r;1;-crlow;0.9;-crhi;1.0;-comlow;0.9;-comhi;1.0;-cmin;5;-bbcomp
5;51;1.2727272727272727;-d;;;;;;;-rsd;-r;10;-crlow;0.2;-crhi;1.0;-comlow;0.9;-comhi;1.0;-cmin;5;-bbcomp
5;52;0.8448275862068966;-d;-rrt;;;;;;-rsd;-r;5;-crlow;0.2;-crhi;1.0;-comlow;0.6;-comhi;1.0;-cmin;0;-bbcomp
5;53;1.2727272727272727;-d;-rrt;;;;;;-rsd;-r;5;-crlow;0.2;-crhi;1.0;-comlow;0.9;-comhi;1.0;-cmin;5;-bbcomp
5;54;1.225;;-rrt;-ct;-cta;0.33;-ctb;1;-rsd;-r;5;-crlow;0.6;-crhi;1.0;-comlow;0.6;-comhi;1.0;-cmin;5;-bbcomp
5;55;1.0;-d;-rrt;-ct;-cta;1.0;-ctb;1;;;;-crlow;0.2;-crhi;1.0;-comlow;0.6;-comhi;1.0;-cmin;5;-bbcomp
5;56;1.0;-d;;;;;;;-rsd;-r;1;-crlow;0.9;-crhi;1.0;-comlow;0.9;-comhi;1.0;-cmin;15;-bbcomp
5;57;1.3424657534246576;-d;;;;;;;;;;-crlow;0.6;-crhi;1.0;-comlow;0.2;-comhi;1.0;-cmin;5;-bbcomp
5;58;1.0888888888888888;;-rrt;-ct;-cta;0.67;-ctb;1;;;;-crlow;0.9;-crhi;1.0;-comlow;0.2;-comhi;1.0;-cmin;5;-bbcomp
5;59;1.1136363636363635;;-rrt;-ct;-cta;0.0;-ctb;3;;;;-crlow;0.9;-crhi;1.0;-comlow;0.2;-comhi;1.0;-cmin;5;-bbcomp
5;60;1.3066666666666666;-d;;-ct;-cta;0.0;-ctb;3;-rsd;-r;1;-crlow;0.6;-crhi;1.0;-comlow;0.6;-comhi;1.0;-cmin;5;-bbcomp
5;61;1.101123595505618;-d;;;;;;;-rsd;-r;1;-crlow;0.9;-crhi;1.0;-comlow;0.6;-comhi;1.0;-cmin;5;-bbcomp
5;62;1.0;-d;;;;;;;-rsd;-r;1;-crlow;0.9;-crhi;1.0;-comlow;0.9;-comhi;1.0;-cmin;5;-bbcomp
5;63;1.3424657534246576;-d;-rrt;;;;;;;;;-crlow;0.6;-crhi;1.0;-comlow;0.6;-comhi;1.0;-cmin;5;-bbcomp
5;64;1.3066666666666666;-d;;;;;;;-rsd;-r;1;-crlow;0.6;-crhi;1.0;-comlow;0.9;-comhi;1.0;-cmin;5;-bbcomp
5;65;1.3243243243243243;-d;;;;;;;-rsd;-r;1;-crlow;0.2;-crhi;1.0;-comlow;0.6;-comhi;1.0;-cmin;5;-bbcomp
5;66;1.3424657534246576;-d;-rrt;;;;;;;;;-crlow;0.6;-crhi;1.0;-comlow;0.2;-comhi;1.0;-cmin;5;-bbcomp
5;67;1.0;-d;;-ct;-cta;1.0;-ctb;1;;;;-crlow;0.6;-crhi;1.0;-comlow;0.9;-comhi;1.0;-cmin;5;-bbcomp
5;68;1.1136363636363635;-d;-rrt;;;;;;;;;-crlow;0.9;-crhi;1.0;-comlow;0.9;-comhi;1.0;-cmin;5;-bbcomp
5;69;1.240506329113924;-d;;;;;;;;;;-crlow;0.2;-crhi;1.0;-comlow;0.6;-comhi;1.0;-cmin;5;-bbcomp
6;0;1.2727272727272727;-d;;;;;;;;;;-crlow;0.6;-crhi;1.0;-comlow;0.2;-comhi;1.0;-cmin;15;-bbcomp
6;1;1.2727272727272727;-d;-rrt;;;;;;;;;-crlow;0.6;-crhi;1.0;-comlow;0.2;-comhi;1.0;-cmin;15;-bbcomp
6;2;1.2727272727272727;-d;;;;;;;-rsd;-r;10;-crlow;0.2;-crhi;1.0;-comlow;0.9;-comhi;1.0;-cmin;5;-bbcomp
6;3;1.2727272727272727;-d;-rrt;;;;;;-rsd;-r;5;-crlow;0.2;-crhi;1.0;-comlow;0.9;-comhi;1.0;-cmin;5;-bbcomp
6;4;1.2894736842105263;;-rrt;;;;;;;;;-crlow;0.6;-crhi;1.0;-comlow;0.6;-comhi;1.0;-cmin;5;-bbcomp
6;5;1.2894736842105263;-d;;-ct;-cta;0.67;-ctb;3;;;;-crlow;0.2;-crhi;1.0;-comlow;0.9;-comhi;1.0;-cmin;5;-bbcomp
6;6;1.2894736842105263;;;;;;;;;;;-crlow;0.6;-crhi;1.0;-comlow;0.9;-comhi;1.0;-cmin;5;-bbcomp
6;7;1.2894736842105263;-d;;-ct;-cta;0.67;-ctb;3;;;;-crlow;0.6;-crhi;1.0;-comlow;0.6;-comhi;1.0;-cmin;5;-bbcomp
6;8;1.3066666666666666;-d;;;;;;;-rsd;-r;1;-crlow;0.6;-crhi;1.0;-comlow;0.6;-comhi;1.0;-cmin;5;-bbcomp
6;9;1.3066666666666666;-d;;;;;;;-rsd;-r;5;-crlow;0.6;-crhi;1.0;-comlow;0.2;-comhi;1.0;-cmin;5;-bbcomp
6;10;1.3066666666666666;-d;-rrt;;;;;;-rsd;-r;5;-crlow;0.6;-crhi;1.0;-comlow;0.6;-comhi;1.0;-cmin;5;-bbcomp
6;11;1.3066666666666666;-d;;;;;;;-rsd;-r;5;-crlow;0.6;-crhi;1.0;-comlow;0.6;-comhi;1.0;-cmin;5;-bbcomp
6;12;1.3066666666666666;-d;;-ct;-cta;0.0;-ctb;3;-rsd;-r;1;-crlow;0.6;-crhi;1.0;-comlow;0.6;-comhi;1.0;-cmin;5;-bbcomp
6;13;1.3066666666666666;-d;;;;;;;-rsd;-r;1;-crlow;0.6;-crhi;1.0;-comlow;0.9;-comhi;1.0;-cmin;5;-bbcomp
6;14;1.3243243243243243;-d;;;;;;;-rsd;-r;1;-crlow;0.2;-crhi;1.0;-comlow;0.6;-comhi;1.0;-cmin;5;-bbcomp
6;15;1.3243243243243243;-d;-rrt;;;;;;-rsd;-r;1;-crlow;0.2;-crhi;1.0;-comlow;0.6;-comhi;1.0;-cmin;5;-bbcomp
6;16;1.3243243243243243;-d;;;;;;;-rsd;-r;1;-crlow;0.2;-crhi;1.0;-comlow;0.9;-comhi;1.0;-cmin;5;-bbcomp
6;17;1.3243243243243243;-d;;;;;;;-rsd;-r;1;-crlow;0.2;-crhi;1.0;-comlow;0.6;-comhi;1.0;-cmin;5;-bbcomp
6;18;1.3424657534246576;-d;;;;;;;;;;-crlow;0.6;-crhi;1.0;-comlow;0.6;-comhi;1.0;-cmin;5;-bbcomp
6;19;1.3424657534246576;-d;-rrt;;;;;;;;;-crlow;0.6;-crhi;1.0;-comlow;0.9;-comhi;1.0;-cmin;5;-bbcomp
6;20;1.3424657534246576;-d;;;;;;;;;;-crlow;0.6;-crhi;1.0;-comlow;0.2;-comhi;1.0;-cmin;5;-bbcomp
6;21;1.3424657534246576;-d;;;;;;;;;;-crlow;0.6;-crhi;1.0;-comlow;0.9;-comhi;1.0;-cmin;5;-bbcomp
6;22;1.3424657534246576;-d;-rrt;;;;;;;;;-crlow;0.6;-crhi;1.0;-comlow;0.6;-comhi;1.0;-cmin;5;-bbcomp
6;23;1.3424657534246576;-d;;;;;;;;;;-crlow;0.6;-crhi;1.0;-comlow;0.2;-comhi;1.0;-cmin;5;-bbcomp
6;24;1.3424657534246576;-d;-rrt;;;;;;;;;-crlow;0.6;-crhi;1.0;-comlow;0.6;-comhi;1.0;-cmin;5;-bbcomp
6;25;1.3424657534246576;-d;-rrt;;;;;;;;;-crlow;0.6;-crhi;1.0;-comlow;0.2;-comhi;1.0;-cmin;5;-bbcomp
6;26;1.3611111111111112;;-rrt;-ct;-cta;0.33;-ctb;3;;;;-crlow;0.2;-crhi;1.0;-comlow;0.6;-comhi;1.0;-cmin;5;-bbcomp
6;27;1.380281690140845;;-rrt;-ct;-cta;0.0;-ctb;3;;;;-crlow;0.2;-crhi;1.0;-comlow;0.6;-comhi;1.0;-cmin;5;-bbcomp
6;28;1.225;-d;;-ct;-cta;0.67;-ctb;3;;;;-crlow;0.2;-crhi;1.0;-comlow;0.6;-comhi;1.0;-cmin;5;-bbcomp
6;29;1.0;-d;-rrt;-ct;-cta;1.0;-ctb;3;;;;-crlow;0.6;-crhi;1.0;-comlow;0.9;-comhi;1.0;-cmin;5;-bbcomp
6;30;1.240506329113924;-d;-rrt;;;;;;;;;-crlow;0.2;-crhi;1.0;-comlow;0.6;-comhi;1.0;-cmin;5;-bbcomp
6;31;1.1529411764705881;;-rrt;;;;;;;;;-crlow;0.2;-crhi;1.0;-comlow;0.6;-comhi;1.0;-cmin;5;-bbcomp
6;32;0.98989898989899;-d;;;;;;;-rsd;-r;1;-crlow;0.2;-crhi;1.0;-comlow;0.6;-comhi;1.0;-cmin;0;-bbcomp
6;33;1.240506329113924;-d;-rrt;;;;;;;;;-crlow;0.2;-crhi;1.0;-comlow;0.9;-comhi;1.0;-cmin;5;-bbcomp
6;34;1.1951219512195121;-d;;;;;;;;;;-crlow;0.2;-crhi;1.0;-comlow;0.2;-comhi;1.0;-cmin;5;-bbcomp
6;35;1.2894736842105263;;-rrt;;;;;;;;;-crlow;0.6;-crhi;1.0;-comlow;0.2;-comhi;1.0;-cmin;5;-bbcomp
6;36;1.2894736842105263;;;;;;;;;;;-crlow;0.6;-crhi;1.0;-comlow;0.2;-comhi;1.0;-cmin;5;-bbcomp
6;37;1.1666666666666667;-d;;;;;;;-rsd;-r;5;-crlow;0.6;-crhi;1.0;-comlow;0.6;-comhi;1.0;-cmin;15;-bbcomp
6;38;1.3066666666666666;-d;;;;;;;-rsd;-r;1;-crlow;0.6;-crhi;1.0;-comlow;0.2;-comhi;1.0;-cmin;5;-bbcomp
6;39;1.3424657534246576;-d;;;;;;;;;;-crlow;0.6;-crhi;1.0;-comlow;0.6;-comhi;1.0;-cmin;5;-bbcomp
6;40;1.1136363636363635;-d;;;;;;;-rsd;-r;1;-crlow;0.2;-crhi;1.0;-comlow;0.2;-comhi;1.0;-cmin;5;-bbcomp
6;41;0.875;-d;;;;;;;;;;-crlow;0.6;-crhi;1.0;-comlow;0.6;-comhi;1.0;-cmin;0;-bbcomp
6;42;1.240506329113924;;;;;;;;-rsd;-r;1;-crlow;0.6;-crhi;1.0;-comlow;0.6;-comhi;1.0;-cmin;5;-bbcomp
6;43;1.0103092783505154;-d;;;;;;;-rsd;-r;5;-crlow;0.2;-crhi;1.0;-comlow;0.2;-comhi;1.0;-cmin;5;-bbcomp
6;44;1.3066666666666666;-d;;;;;;;-rsd;-r;1;-crlow;0.6;-crhi;1.0;-comlow;0.2;-comhi;1.0;-cmin;5;-bbcomp
6;45;1.3066666666666666;-d;;-ct;-cta;0.0;-ctb;1;-rsd;-r;1;-crlow;0.6;-crhi;1.0;-comlow;0.2;-comhi;1.0;-cmin;5;-bbcomp
6;46;1.3066666666666666;-d;-rrt;;;;;;-rsd;-r;1;-crlow;0.6;-crhi;1.0;-comlow;0.9;-comhi;1.0;-cmin;5;-bbcomp
6;47;1.225;-d;;;;;;;;;;-crlow;0.2;-crhi;1.0;-comlow;0.2;-comhi;1.0;-cmin;15;-bbcomp
6;48;1.3066666666666666;-d;-rrt;;;;;;-rsd;-r;1;-crlow;0.6;-crhi;1.0;-comlow;0.6;-comhi;1.0;-cmin;5;-bbcomp
6;49;1.240506329113924;;-rrt;;;;;;-rsd;-r;5;-crlow;0.6;-crhi;1.0;-comlow;0.6;-comhi;1.0;-cmin;5;-bbcomp
6;50;1.3424657534246576;-d;-rrt;;;;;;;;;-crlow;0.6;-crhi;1.0;-comlow;0.6;-comhi;1.0;-cmin;5;-bbcomp
6;51;1.0;-d;;-ct;-cta;1.0;-ctb;3;-rsd;-r;1;-crlow;0.2;-crhi;1.0;-comlow;0.2;-comhi;1.0;-cmin;5;-bbcomp
6;52;1.1951219512195121;-d;;;;;;;;;;-crlow;0.2;-crhi;1.0;-comlow;0.2;-comhi;1.0;-cmin;5;-bbcomp
6;53;1.4202898550724639;-d;;-ct;-cta;0.0;-ctb;3;;;;-crlow;0.6;-crhi;1.0;-comlow;0.6;-comhi;1.0;-cmin;5;-bbcomp
6;54;1.240506329113924;-d;-rrt;;;;;;;;;-crlow;0.2;-crhi;1.0;-comlow;0.6;-comhi;1.0;-cmin;5;-bbcomp
6;55;1.2894736842105263;;-rrt;;;;;;;;;-crlow;0.6;-crhi;1.0;-comlow;0.2;-comhi;1.0;-cmin;5;-bbcomp
6;56;1.2894736842105263;;-rrt;;;;;;;;;-crlow;0.6;-crhi;1.0;-comlow;0.9;-comhi;1.0;-cmin;5;-bbcomp
6;57;1.3424657534246576;-d;;;;;;;;;;-crlow;0.6;-crhi;1.0;-comlow;0.6;-comhi;1.0;-cmin;5;-bbcomp
6;58;1.3424657534246576;-d;;;;;;;;;;-crlow;0.6;-crhi;1.0;-comlow;0.6;-comhi;1.0;-cmin;5;-bbcomp
6;59;1.1666666666666667;-d;-rrt;;;;;;-rsd;-r;1;-crlow;0.6;-crhi;1.0;-comlow;0.9;-comhi;1.0;-cmin;15;-bbcomp
6;60;1.0;-d;-rrt;-ct;-cta;1.0;-ctb;1;;;;-crlow;0.6;-crhi;1.0;-comlow;0.2;-comhi;1.0;-cmin;15;-bbcomp
6;61;1.3424657534246576;;;-ct;-cta;0.33;-ctb;3;;;;-crlow;0.6;-crhi;1.0;-comlow;0.6;-comhi;1.0;-cmin;5;-bbcomp
6;62;1.0;-d;-rrt;-ct;-cta;0.33;-ctb;10;-rsd;-r;10;-crlow;0.6;-crhi;1.0;-comlow;0.2;-comhi;1.0;-cmin;5;-bbcomp
6;63;1.3066666666666666;-d;-rrt;;;;;;-rsd;-r;1;-crlow;0.6;-crhi;1.0;-comlow;0.6;-comhi;1.0;-cmin;5;-bbcomp
6;64;1.1951219512195121;-d;-rrt;;;;;;;;;-crlow;0.2;-crhi;1.0;-comlow;0.2;-comhi;1.0;-cmin;5;-bbcomp
6;65;1.3066666666666666;-d;;;;;;;-rsd;-r;5;-crlow;0.6;-crhi;1.0;-comlow;0.6;-comhi;1.0;-cmin;5;-bbcomp
6;66;1.1395348837209303;;;-ct;-cta;0.67;-ctb;1;-rsd;-r;10;-crlow;0.6;-crhi;1.0;-comlow;0.6;-comhi;1.0;-cmin;5;-bbcomp
6;67;1.1666666666666667;-d;-rrt;;;;;;;;;-crlow;0.6;-crhi;1.0;-comlow;0.9;-comhi;1.0;-cmin;30;-bbcomp
6;68;1.4411764705882353;-d;;-ct;-cta;0.0;-ctb;3;;;;-crlow;0.2;-crhi;1.0;-comlow;0.6;-comhi;1.0;-cmin;5;-bbcomp
6;69;1.3066666666666666;-d;-rrt;;;;;;-rsd;-r;1;-crlow;0.6;-crhi;1.0;-comlow;0.6;-comhi;1.0;-cmin;5;-bbcomp
7;0;1.3066666666666666;-d;;;;;;;-rsd;-r;1;-crlow;0.6;-crhi;1.0;-comlow;0.2;-comhi;1.0;-cmin;5;-bbcomp
7;1;1.3066666666666666;-d;;-ct;-cta;0.0;-ctb;1;-rsd;-r;1;-crlow;0.6;-crhi;1.0;-comlow;0.2;-comhi;1.0;-cmin;5;-bbcomp
7;2;1.3066666666666666;-d;-rrt;;;;;;-rsd;-r;1;-crlow;0.6;-crhi;1.0;-comlow;0.9;-comhi;1.0;-cmin;5;-bbcomp
7;3;1.3066666666666666;-d;-rrt;;;;;;-rsd;-r;1;-crlow;0.6;-crhi;1.0;-comlow;0.6;-comhi;1.0;-cmin;5;-bbcomp
7;4;1.3066666666666666;-d;-rrt;;;;;;-rsd;-r;1;-crlow;0.6;-crhi;1.0;-comlow;0.6;-comhi;1.0;-cmin;5;-bbcomp
7;5;1.3066666666666666;-d;;;;;;;-rsd;-r;5;-crlow;0.6;-crhi;1.0;-comlow;0.6;-comhi;1.0;-cmin;5;-bbcomp
7;6;1.3066666666666666;-d;-rrt;;;;;;-rsd;-r;1;-crlow;0.6;-crhi;1.0;-comlow;0.6;-comhi;1.0;-cmin;5;-bbcomp
7;7;1.3243243243243243;-d;;;;;;;-rsd;-r;1;-crlow;0.2;-crhi;1.0;-comlow;0.6;-comhi;1.0;-cmin;5;-bbcomp
7;8;1.3243243243243243;-d;-rrt;;;;;;-rsd;-r;1;-crlow;0.2;-crhi;1.0;-comlow;0.6;-comhi;1.0;-cmin;5;-bbcomp
7;9;1.3243243243243243;-d;;;;;;;-rsd;-r;1;-crlow;0.2;-crhi;1.0;-comlow;0.9;-comhi;1.0;-cmin;5;-bbcomp
7;10;1.3243243243243243;-d;;;;;;;-rsd;-r;1;-crlow;0.2;-crhi;1.0;-comlow;0.6;-comhi;1.0;-cmin;5;-bbcomp
7;11;1.3424657534246576;-d;;;;;;;;;;-crlow;0.6;-crhi;1.0;-comlow;0.6;-comhi;1.0;-cmin;5;-bbcomp
7;12;1.3424657534246576;-d;-rrt;;;;;;;;;-crlow;0.6;-crhi;1.0;-comlow;0.9;-comhi;1.0;-cmin;5;-bbcomp
7;13;1.3424657534246576;-d;;;;;;;;;;-crlow;0.6;-crhi;1.0;-comlow;0.2;-comhi;1.0;-cmin;5;-bbcomp
7;14;1.3424657534246576;-d;;;;;;;;;;-crlow;0.6;-crhi;1.0;-comlow;0.9;-comhi;1.0;-cmin;5;-bbcomp
7;15;1.3424657534246576;-d;-rrt;;;;;;;;;-crlow;0.6;-crhi;1.0;-comlow;0.6;-comhi;1.0;-cmin;5;-bbcomp
7;16;1.3424657534246576;-d;;;;;;;;;;-crlow;0.6;-crhi;1.0;-comlow;0.2;-comhi;1.0;-cmin;5;-bbcomp
7;17;1.3424657534246576;-d;-rrt;;;;;;;;;-crlow;0.6;-crhi;1.0;-comlow;0.6;-comhi;1.0;-cmin;5;-bbcomp
7;18;1.3424657534246576;-d;-rrt;;;;;;;;;-crlow;0.6;-crhi;1.0;-comlow;0.2;-comhi;1.0;-cmin;5;-bbcomp
7;19;1.3424657534246576;-d;;;;;;;;;;-crlow;0.6;-crhi;1.0;-comlow;0.6;-comhi;1.0;-cmin;5;-bbcomp
7;20;1.3424657534246576;-d;-rrt;;;;;;;;;-crlow;0.6;-crhi;1.0;-comlow;0.6;-comhi;1.0;-cmin;5;-bbcomp
7;21;1.3424657534246576;-d;;;;;;;;;;-crlow;0.6;-crhi;1.0;-comlow;0.6;-comhi;1.0;-cmin;5;-bbcomp
7;22;1.3424657534246576;-d;;;;;;;;;;-crlow;0.6;-crhi;1.0;-comlow;0.6;-comhi;1.0;-cmin;5;-bbcomp
7;23;1.3424657534246576;;;-ct;-cta;0.33;-ctb;3;;;;-crlow;0.6;-crhi;1.0;-comlow;0.6;-comhi;1.0;-cmin;5;-bbcomp
7;24;1.3611111111111112;;-rrt;-ct;-cta;0.33;-ctb;3;;;;-crlow;0.2;-crhi;1.0;-comlow;0.6;-comhi;1.0;-cmin;5;-bbcomp
7;25;1.380281690140845;;-rrt;-ct;-cta;0.0;-ctb;3;;;;-crlow;0.2;-crhi;1.0;-comlow;0.6;-comhi;1.0;-cmin;5;-bbcomp
7;26;1.4202898550724639;-d;;-ct;-cta;0.0;-ctb;3;;;;-crlow;0.6;-crhi;1.0;-comlow;0.6;-comhi;1.0;-cmin;5;-bbcomp
7;27;1.4411764705882353;-d;;-ct;-cta;0.0;-ctb;3;;;;-crlow;0.2;-crhi;1.0;-comlow;0.6;-comhi;1.0;-cmin;5;-bbcomp
7;28;1.3611111111111112;;;-ct;-cta;0.33;-ctb;3;;;;-crlow;0.2;-crhi;1.0;-comlow;0.6;-comhi;1.0;-cmin;5;-bbcomp
7;29;1.240506329113924;-d;;;;;;;;;;-crlow;0.9;-crhi;1.0;-comlow;0.6;-comhi;1.0;-cmin;5;-bbcomp
7;30;1.2727272727272727;-d;;;;;;;;;;-crlow;0.6;-crhi;1.0;-comlow;0.6;-comhi;1.0;-cmin;15;-bbcomp
7;31;1.3424657534246576;-d;-rrt;;;;;;;;;-crlow;0.6;-crhi;1.0;-comlow;0.6;-comhi;1.0;-cmin;5;-bbcomp
7;32;0.875;-d;-rrt;-ct;-cta;0.0;-ctb;1;;;;-crlow;0.6;-crhi;1.0;-comlow;0.6;-comhi;1.0;-cmin;0;-bbcomp
7;33;1.240506329113924;-d;-rrt;-ct;-cta;0.0;-ctb;3;;;;-crlow;0.6;-crhi;1.0;-comlow;0.6;-comhi;1.0;-cmin;15;-bbcomp
7;34;1.101123595505618;-d;-rrt;-ct;-cta;0.67;-ctb;3;;;;-crlow;0.9;-crhi;1.0;-comlow;0.6;-comhi;1.0;-cmin;5;-bbcomp
7;35;1.225;-d;;;;;;;;;;-crlow;0.2;-crhi;1.0;-comlow;0.2;-comhi;1.0;-cmin;15;-bbcomp
7;36;1.240506329113924;-d;;;;;;;;;;-crlow;0.2;-crhi;1.0;-comlow;0.6;-comhi;1.0;-cmin;5;-bbcomp
7;37;1.3066666666666666;-d;;;;;;;-rsd;-r;1;-crlow;0.6;-crhi;1.0;-comlow;0.6;-comhi;1.0;-cmin;5;-bbcomp
7;38;1.3066666666666666;-d;-rrt;;;;;;-rsd;-r;1;-crlow;0.6;-crhi;1.0;-comlow;0.2;-comhi;1.0;-cmin;5;-bbcomp
7;39;1.1136363636363635;-d;;-ct;-cta;0.0;-ctb;3;-rsd;-r;5;-crlow;0.2;-crhi;1.0;-comlow;0.2;-comhi;1.0;-cmin;5;-bbcomp
7;40;1.240506329113924;-d;-rrt;;;;;;;;;-crlow;0.2;-crhi;1.0;-comlow;0.6;-comhi;1.0;-cmin;5;-bbcomp
7;41;1.3066666666666666;-d;;;;;;;-rsd;-r;10;-crlow;0.6;-crhi;1.0;-comlow;0.9;-comhi;1.0;-cmin;5;-bbcomp
7;42;1.3424657534246576;-d;;;;;;;;;;-crlow;0.6;-crhi;1.0;-comlow;0.6;-comhi;1.0;-cmin;5;-bbcomp
7;43;1.3424657534246576;-d;;;;;;;;;;-crlow;0.6;-crhi;1.0;-comlow;0.2;-comhi;1.0;-cmin;5;-bbcomp
7;44;1.2894736842105263;;;;;;;;;;;-crlow;0.6;-crhi;1.0;-comlow;0.9;-comhi;1.0;-cmin;5;-bbcomp
7;45;1.2564102564102564;;;-ct;-cta;0.67;-ctb;1;;;;-crlow;0.6;-crhi;1.0;-comlow;0.9;-comhi;1.0;-cmin;5;-bbcomp
7;46;1.1951219512195121;-d;;-ct;-cta;0.0;-ctb;3;;;;-crlow;0.6;-crhi;1.0;-comlow;0.6;-comhi;1.0;-cmin;0;-bbcomp
7;47;1.3066666666666666;-d;;;;;;;-rsd;-r;5;-crlow;0.6;-crhi;1.0;-comlow;0.6;-comhi;1.0;-cmin;5;-bbcomp
7;48;1.101123595505618;-d;;;;;;;-rsd;-r;1;-crlow;0.9;-crhi;1.0;-comlow;0.6;-comhi;1.0;-cmin;5;-bbcomp
7;49;1.2727272727272727;-d;;;;;;;;;;-crlow;0.6;-crhi;1.0;-comlow;0.2;-comhi;1.0;-cmin;15;-bbcomp
7;50;1.3066666666666666;-d;;;;;;;-rsd;-r;1;-crlow;0.6;-crhi;1.0;-comlow;0.9;-comhi;1.0;-cmin;5;-bbcomp
7;51;1.4202898550724639;-d;-rrt;-ct;-cta;0.0;-ctb;3;;;;-crlow;0.6;-crhi;1.0;-comlow;0.9;-comhi;1.0;-cmin;5;-bbcomp
7;52;1.2894736842105263;-d;;-ct;-cta;0.33;-ctb;1;;;;-crlow;0.6;-crhi;1.0;-comlow;0.6;-comhi;1.0;-cmin;5;-bbcomp
7;53;1.2894736842105263;;;-ct;-cta;0.0;-ctb;3;;;;-crlow;0.6;-crhi;1.0;-comlow;0.6;-comhi;1.0;-cmin;5;-bbcomp
7;54;1.2894736842105263;;;;;;;;-rsd;-r;1;-crlow;0.2;-crhi;1.0;-comlow;0.6;-comhi;1.0;-cmin;5;-bbcomp
7;55;1.3066666666666666;-d;-rrt;;;;;;-rsd;-r;5;-crlow;0.6;-crhi;1.0;-comlow;0.6;-comhi;1.0;-cmin;5;-bbcomp
7;56;0.9423076923076923;-d;-rrt;;;;;;-rsd;-r;1;-crlow;0.2;-crhi;1.0;-comlow;0.6;-comhi;1.0;-cmin;0;-bbcomp
7;57;1.3424657534246576;-d;;;;;;;;;;-crlow;0.6;-crhi;1.0;-comlow;0.9;-comhi;1.0;-cmin;5;-bbcomp
7;58;1.2894736842105263;;;;;;;;-rsd;-r;1;-crlow;0.2;-crhi;1.0;-comlow;0.6;-comhi;1.0;-cmin;5;-bbcomp
7;59;1.2894736842105263;;-rrt;;;;;;;;;-crlow;0.6;-crhi;1.0;-comlow;0.2;-comhi;1.0;-cmin;5;-bbcomp
7;60;1.3066666666666666;-d;;;;;;;-rsd;-r;5;-crlow;0.6;-crhi;1.0;-comlow;0.6;-comhi;1.0;-cmin;5;-bbcomp
7;61;1.4411764705882353;-d;-rrt;-ct;-cta;0.0;-ctb;3;;;;-crlow;0.2;-crhi;1.0;-comlow;0.6;-comhi;1.0;-cmin;5;-bbcomp
7;62;1.380281690140845;;;-ct;-cta;0.0;-ctb;3;;;;-crlow;0.2;-crhi;1.0;-comlow;0.6;-comhi;1.0;-cmin;5;-bbcomp
7;63;1.225;-d;;-ct;-cta;0.33;-ctb;1;-rsd;-r;1;-crlow;0.2;-crhi;1.0;-comlow;0.6;-comhi;1.0;-cmin;5;-bbcomp
7;64;1.180722891566265;-d;;;;;;;-rsd;-r;1;-crlow;0.2;-crhi;1.0;-comlow;0.6;-comhi;1.0;-cmin;15;-bbcomp
7;65;1.1951219512195121;-d;-rrt;;;;;;;;;-crlow;0.2;-crhi;1.0;-comlow;0.2;-comhi;1.0;-cmin;5;-bbcomp
7;66;1.101123595505618;-d;-rrt;;;;;;-rsd;-r;1;-crlow;0.9;-crhi;1.0;-comlow;0.6;-comhi;1.0;-cmin;5;-bbcomp
7;67;1.2894736842105263;;;;;;;;;;;-crlow;0.6;-crhi;1.0;-comlow;0.6;-comhi;1.0;-cmin;5;-bbcomp
7;68;0.875;-d;;;;;;;;;;-crlow;0.6;-crhi;1.0;-comlow;0.6;-comhi;1.0;-cmin;0;-bbcomp
7;69;1.4202898550724639;-d;;-ct;-cta;0.0;-ctb;3;;;;-crlow;0.6;-crhi;1.0;-comlow;0.6;-comhi;1.0;-cmin;5;-bbcomp
8;0;1.3243243243243243;-d;;;;;;;-rsd;-r;1;-crlow;0.2;-crhi;1.0;-comlow;0.9;-comhi;1.0;-cmin;5;-bbcomp
8;1;1.3243243243243243;-d;;;;;;;-rsd;-r;1;-crlow;0.2;-crhi;1.0;-comlow;0.6;-comhi;1.0;-cmin;5;-bbcomp
8;2;1.3424657534246576;-d;;;;;;;;;;-crlow;0.6;-crhi;1.0;-comlow;0.6;-comhi;1.0;-cmin;5;-bbcomp
8;3;1.3424657534246576;-d;-rrt;;;;;;;;;-crlow;0.6;-crhi;1.0;-comlow;0.9;-comhi;1.0;-cmin;5;-bbcomp
8;4;1.3424657534246576;-d;;;;;;;;;;-crlow;0.6;-crhi;1.0;-comlow;0.2;-comhi;1.0;-cmin;5;-bbcomp
8;5;1.3424657534246576;-d;;;;;;;;;;-crlow;0.6;-crhi;1.0;-comlow;0.9;-comhi;1.0;-cmin;5;-bbcomp
8;6;1.3424657534246576;-d;-rrt;;;;;;;;;-crlow;0.6;-crhi;1.0;-comlow;0.6;-comhi;1.0;-cmin;5;-bbcomp
8;7;1.3424657534246576;-d;;;;;;;;;;-crlow;0.6;-crhi;1.0;-comlow;0.2;-comhi;1.0;-cmin;5;-bbcomp
8;8;1.3424657534246576;-d;-rrt;;;;;;;;;-crlow;0.6;-crhi;1.0;-comlow;0.6;-comhi;1.0;-cmin;5;-bbcomp
8;9;1.3424657534246576;-d;-rrt;;;;;;;;;-crlow;0.6;-crhi;1.0;-comlow;0.2;-comhi;1.0;-cmin;5;-bbcomp
8;10;1.3424657534246576;-d;;;;;;;;;;-crlow;0.6;-crhi;1.0;-comlow;0.6;-comhi;1.0;-cmin;5;-bbcomp
8;11;1.3424657534246576;-d;-rrt;;;;;;;;;-crlow;0.6;-crhi;1.0;-comlow;0.6;-comhi;1.0;-cmin;5;-bbcomp
8;12;1.3424657534246576;-d;;;;;;;;;;-crlow;0.6;-crhi;1.0;-comlow;0.6;-comhi;1.0;-cmin;5;-bbcomp
8;13;1.3424657534246576;-d;;;;;;;;;;-crlow;0.6;-crhi;1.0;-comlow;0.6;-comhi;1.0;-cmin;5;-bbcomp
8;14;1.3424657534246576;;;-ct;-cta;0.33;-ctb;3;;;;-crlow;0.6;-crhi;1.0;-comlow;0.6;-comhi;1.0;-cmin;5;-bbcomp
8;15;1.3424657534246576;-d;-rrt;;;;;;;;;-crlow;0.6;-crhi;1.0;-comlow;0.6;-comhi;1.0;-cmin;5;-bbcomp
8;16;1.3424657534246576;-d;;;;;;;;;;-crlow;0.6;-crhi;1.0;-comlow;0.6;-comhi;1.0;-cmin;5;-bbcomp
8;17;1.3424657534246576;-d;;;;;;;;;;-crlow;0.6;-crhi;1.0;-comlow;0.2;-comhi;1.0;-cmin;5;-bbcomp
8;18;1.3424657534246576;-d;;;;;;;;;;-crlow;0.6;-crhi;1.0;-comlow;0.9;-comhi;1.0;-cmin;5;-bbcomp
8;19;1.3611111111111112;;-rrt;-ct;-cta;0.33;-ctb;3;;;;-crlow;0.2;-crhi;1.0;-comlow;0.6;-comhi;1.0;-cmin;5;-bbcomp
8;20;1.3611111111111112;;;-ct;-cta;0.33;-ctb;3;;;;-crlow;0.2;-crhi;1.0;-comlow;0.6;-comhi;1.0;-cmin;5;-bbcomp
8;21;1.380281690140845;;-rrt;-ct;-cta;0.0;-ctb;3;;;;-crlow;0.2;-crhi;1.0;-comlow;0.6;-comhi;1.0;-cmin;5;-bbcomp
8;22;1.380281690140845;;;-ct;-cta;0.0;-ctb;3;;;;-crlow;0.2;-crhi;1.0;-comlow;0.6;-comhi;1.0;-cmin;5;-bbcomp
8;23;1.4202898550724639;-d;;-ct;-cta;0.0;-ctb;3;;;;-crlow;0.6;-crhi;1.0;-comlow;0.6;-comhi;1.0;-cmin;5;-bbcomp
8;24;1.4202898550724639;-d;-rrt;-ct;-cta;0.0;-ctb;3;;;;-crlow;0.6;-crhi;1.0;-comlow;0.9;-comhi;1.0;-cmin;5;-bbcomp
8;25;1.4202898550724639;-d;;-ct;-cta;0.0;-ctb;3;;;;-crlow;0.6;-crhi;1.0;-comlow;0.6;-comhi;1.0;-cmin;5;-bbcomp
8;26;1.4411764705882353;-d;;-ct;-cta;0.0;-ctb;3;;;;-crlow;0.2;-crhi;1.0;-comlow;0.6;-comhi;1.0;-cmin;5;-bbcomp
8;27;1.4411764705882353;-d;-rrt;-ct;-cta;0.0;-ctb;3;;;;-crlow;0.2;-crhi;1.0;-comlow;0.6;-comhi;1.0;-cmin;5;-bbcomp
8;28;1.4202898550724639;-d;-rrt;-ct;-cta;0.0;-ctb;3;;;;-crlow;0.6;-crhi;1.0;-comlow;0.6;-comhi;1.0;-cmin;5;-bbcomp
8;29;1.1666666666666667;-d;;;;;;;;;;-crlow;0.6;-crhi;1.0;-comlow;0.2;-comhi;1.0;-cmin;30;-bbcomp
8;30;1.3424657534246576;-d;;-ct;-cta;0.0;-ctb;1;;;;-crlow;0.6;-crhi;1.0;-comlow;0.6;-comhi;1.0;-cmin;5;-bbcomp
8;31;1.4202898550724639;-d;;-ct;-cta;0.0;-ctb;3;;;;-crlow;0.6;-crhi;1.0;-comlow;0.9;-comhi;1.0;-cmin;5;-bbcomp
8;32;1.225;-d;;-ct;-cta;0.0;-ctb;10;;;;-crlow;0.6;-crhi;1.0;-comlow;0.9;-comhi;1.0;-cmin;5;-bbcomp
8;33;1.3424657534246576;-d;;;;;;;;;;-crlow;0.6;-crhi;1.0;-comlow;0.6;-comhi;1.0;-cmin;5;-bbcomp
8;34;1.0;-d;-rrt;-ct;-cta;1.0;-ctb;10;;;;-crlow;0.2;-crhi;1.0;-comlow;0.6;-comhi;1.0;-cmin;5;-bbcomp
8;35;1.4202898550724639;-d;-rrt;-ct;-cta;0.0;-ctb;3;;;;-crlow;0.6;-crhi;1.0;-comlow;0.2;-comhi;1.0;-cmin;5;-bbcomp
8;36;1.0;-d;;-ct;-cta;1.0;-ctb;3;;;;-crlow;0.6;-crhi;1.0;-comlow;0.6;-comhi;1.0;-cmin;5;-bbcomp
8;37;1.1666666666666667;-d;;;;;;;-rsd;-r;10;-crlow;0.6;-crhi;1.0;-comlow;0.6;-comhi;1.0;-cmin;30;-bbcomp
8;38;1.3066666666666666;-d;-rrt;;;;;;-rsd;-r;5;-crlow;0.6;-crhi;1.0;-comlow;0.2;-comhi;1.0;-cmin;5;-bbcomp
8;39;1.2894736842105263;;-rrt;;;;;;;;;-crlow;0.6;-crhi;1.0;-comlow;0.2;-comhi;1.0;-cmin;5;-bbcomp
8;40;1.2894736842105263;;-rrt;;;;;;;;;-crlow;0.6;-crhi;1.0;-comlow;0.6;-comhi;1.0;-cmin;5;-bbcomp
8;41;1.2727272727272727;-d;;;;;;;;;;-crlow;0.6;-crhi;1.0;-comlow;0.2;-comhi;1.0;-cmin;15;-bbcomp
8;42;1.4202898550724639;-d;;-ct;-cta;0.0;-ctb;3;;;;-crlow;0.6;-crhi;1.0;-comlow;0.2;-comhi;1.0;-cmin;5;-bbcomp
8;43;1.3424657534246576;-d;;;;;;;;;;-crlow;0.6;-crhi;1.0;-comlow;0.6;-comhi;1.0;-cmin;5;-bbcomp
8;44;0.8828828828828829;-d;-rrt;;;;;;;;;-crlow;0.6;-crhi;1.0;-comlow;0.2;-comhi;1.0;-cmin;0;-bbcomp
8;45;1.2564102564102564;-d;-rrt;;;;;;;;;-crlow;0.9;-crhi;1.0;-comlow;0.2;-comhi;1.0;-cmin;5;-bbcomp
8;46;1.240506329113924;-d;-rrt;;;;;;;;;-crlow;0.2;-crhi;1.0;-comlow;0.6;-comhi;1.0;-cmin;5;-bbcomp
8;47;1.2894736842105263;;-rrt;;;;;;;;;-crlow;0.6;-crhi;1.0;-comlow;0.9;-comhi;1.0;-cmin;5;-bbcomp
8;48;1.2894736842105263;;;;;;;;;;;-crlow;0.6;-crhi;1.0;-comlow;0.9;-comhi;1.0;-cmin;5;-bbcomp
8;49;1.3066666666666666;-d;;;;;;;-rsd;-r;1;-crlow;0.6;-crhi;1.0;-comlow;0.9;-comhi;1.0;-cmin;5;-bbcomp
8;50;1.2894736842105263;;;;;;;;;;;-crlow;0.6;-crhi;1.0;-comlow;0.6;-comhi;1.0;-cmin;5;-bbcomp
8;51;1.380281690140845;-d;;-ct;-cta;0.33;-ctb;3;;;;-crlow;0.6;-crhi;1.0;-comlow;0.9;-comhi;1.0;-cmin;5;-bbcomp
8;52;1.2894736842105263;;;;;;;;;;;-crlow;0.6;-crhi;1.0;-comlow;0.6;-comhi;1.0;-cmin;5;-bbcomp
8;53;1.101123595505618;-d;;-ct;-cta;0.33;-ctb;1;;;;-crlow;0.9;-crhi;1.0;-comlow;0.6;-comhi;1.0;-cmin;5;-bbcomp
8;54;1.3424657534246576;-d;;;;;;;;;;-crlow;0.6;-crhi;1.0;-comlow;0.6;-comhi;1.0;-cmin;5;-bbcomp
8;55;1.3424657534246576;-d;;;;;;;;;;-crlow;0.6;-crhi;1.0;-comlow;0.2;-comhi;1.0;-cmin;5;-bbcomp
8;56;1.225;-d;;-ct;-cta;0.33;-ctb;1;-rsd;-r;5;-crlow;0.2;-crhi;1.0;-comlow;0.9;-comhi;1.0;-cmin;5;-bbcomp
8;57;1.380281690140845;-d;;-ct;-cta;0.33;-ctb;3;-rsd;-r;10;-crlow;0.6;-crhi;1.0;-comlow;0.6;-comhi;1.0;-cmin;5;-bbcomp
8;58;1.240506329113924;-d;;;;;;;;;;-crlow;0.2;-crhi;1.0;-comlow;0.6;-comhi;1.0;-cmin;5;-bbcomp
8;59;1.180722891566265;-d;;-ct;-cta;0.33;-ctb;1;;;;-crlow;0.2;-crhi;1.0;-comlow;0.9;-comhi;1.0;-cmin;15;-bbcomp
8;60;1.3424657534246576;;;-ct;-cta;0.33;-ctb;3;;;;-crlow;0.2;-crhi;1.0;-comlow;0.9;-comhi;1.0;-cmin;5;-bbcomp
8;61;1.1136363636363635;-d;-rrt;;;;;;;;;-crlow;0.9;-crhi;1.0;-comlow;0.9;-comhi;1.0;-cmin;5;-bbcomp
8;62;1.225;-d;;-ct;-cta;0.0;-ctb;10;;;;-crlow;0.6;-crhi;1.0;-comlow;0.6;-comhi;1.0;-cmin;5;-bbcomp
8;63;1.380281690140845;-d;;-ct;-cta;0.33;-ctb;3;;;;-crlow;0.6;-crhi;1.0;-comlow;0.6;-comhi;1.0;-cmin;5;-bbcomp
8;64;1.3066666666666666;-d;;;;;;;-rsd;-r;1;-crlow;0.6;-crhi;1.0;-comlow;0.6;-comhi;1.0;-cmin;5;-bbcomp
8;65;1.2727272727272727;-d;;;;;;;-rsd;-r;10;-crlow;0.2;-crhi;1.0;-comlow;0.9;-comhi;1.0;-cmin;5;-bbcomp
8;66;1.0;-d;;-ct;-cta;0.33;-ctb;10;;;;-crlow;0.6;-crhi;1.0;-comlow;0.9;-comhi;1.0;-cmin;5;-bbcomp
8;67;1.240506329113924;-d;;;;;;;;;;-crlow;0.2;-crhi;1.0;-comlow;0.6;-comhi;1.0;-cmin;5;-bbcomp
8;68;1.2894736842105263;;;;;;;;;;;-crlow;0.6;-crhi;1.0;-comlow;0.2;-comhi;1.0;-cmin;5;-bbcomp
8;69;1.240506329113924;-d;;;;;;;;;;-crlow;0.9;-crhi;1.0;-comlow;0.6;-comhi;1.0;-cmin;5;-bbcomp
